"last_name, first_name","player_id","year","pa","k_percent","bb_percent","on_base_plus_slg","b_gnd_into_dp","b_hit_ground","b_hit_fly","b_out_fly","b_out_ground","b_out_line_drive","b_out_popup","b_swinging_strike","fast_swing_rate","sweet_spot_percent","barrel_batted_rate","hard_hit_percent","avg_best_speed","avg_hyper_speed","whiff_percent","swing_percent"
"Grichuk, Randal",545341,2025,293,20.8,5.8,"0.674","6","14","16","42","68","17","24","84",42.4,33.6,11.7,49.5,"103.732042243","96.384131636",19.8,48.7
"Wilson, Weston",642215,2025,125,27.2,9.6,"0.651","1","3","6","15","30","7","4","61",42,38.5,10.3,41,"100.048028462","94.307998831",30.1,44
"Turang, Brice",668930,2025,659,22.8,10,"0.794","3","75","25","88","132","41","10","227",18.1,35.1,7.9,47.4,"100.614785374","94.892922904",21,44.3
"Varsho, Daulton",662139,2025,271,28.4,6.3,"0.832","1","11","24","42","41","9","22","142",55.9,36.9,15.9,40.3,"101.929371512","95.29886564",29.8,54.8
"Malloy, Justyn-Henry",669234,2025,127,25.2,15.7,"0.654","1","6","3","20","18","4","8","59",8.2,33.8,4.1,31.1,"96.563518919","92.313797703",29.1,40.5
"Ozuna, Marcell",542303,2025,592,24.3,15.9,"0.755","11","26","36","78","115","26","17","234",31.6,35.1,11.4,44.6,"101.322693218","94.957629109",25.8,39.4
"Rortvedt, Ben",666163,2025,128,18,8.6,"0.445","1","4","5","14","42","3","15","49",4.9,23.9,3.3,19.6,"93.114169535","90.907202471",25.4,47.2
"Fernández, Yanquiel",692585,2025,147,29.9,5.4,"0.613","4","11","8","16","36","8","4","87",45.2,31.6,8.4,36.8,"99.730782766","93.889233085",30.7,52.5
"Guerrero Jr., Vladimir",665489,2025,680,13.8,11.9,"0.848","17","56","24","75","179","42","29","203",67.7,33.7,12.2,50.7,"104.847490968","96.922139153",21.5,42.2
"Báez, Javier",595879,2025,437,24.9,2.3,"0.680","8","42","24","61","99","23","19","227",34.4,30.2,5.5,39.9,"99.167878141","93.685508232",30.7,55.1
"Story, Trevor",596115,2025,654,26.9,5,"0.741","3","62","36","84","129","27","36","337",14.2,32.6,9.8,47,"102.418939954","95.643419306",29.3,54.4
"Flores, Wilmer",527038,2025,463,19,7.3,"0.686","14","30","17","73","87","32","38","162",0.9,35.6,4.8,26.9,"96.048525988","92.028912096",20.8,46.7
"Lowe, Nathaniel",663993,2025,609,26.1,10.2,"0.688","6","39","31","73","130","40","18","238",24.3,33.4,7,41.5,"100.389231563","94.465033629",24.7,44.6
"Melton, Jacob",689200,2025,78,37.2,7.7,"0.420","2","7","0","3","26","1","0","48",25.4,19.5,4.9,43.9,"101.09519619","94.913117561",35.5,45.5
"Moore, Christian",695681,2025,184,33.7,10.3,"0.654","3","8","8","25","34","8","3","126",29.8,38.2,6.9,36.3,"100.7636714","94.563016162",36.9,47.4
"Julien, Edouard",666397,2025,208,29.3,10.6,"0.633","3","12","7","15","50","18","0","84",6.4,39,12.2,42.3,"100.268172787","94.521132377",26.1,40.3
"DeLuca, Jonny",676356,2025,59,22,3.4,"0.812","0","10","3","8","10","5","2","22",14.1,31.8,2.3,31.8,"97.202066364","92.618060227",23.9,50.4
"Hassell III, Robert",690987,2025,206,30.1,3.9,"0.572","4","17","6","22","54","9","5","99",1.8,34.1,8.1,40.7,"99.261806818","93.737415496",28.8,50.9
"Ritter, Ryan",690022,2025,207,29.5,4.8,"0.633","7","13","6","18","54","9","4","131",6.7,30.5,1.5,30.5,"96.732699677","92.401848618",35.4,54.1
"Soderstrom, Tyler",691016,2025,624,22.6,8.8,"0.820","18","51","31","68","153","30","15","222",38.1,34.4,11.4,49.8,"103.023677143","96.015814678",25.4,48.9
"Sheets, Gavin",657757,2025,545,19.6,8.1,"0.746","9","34","30","65","111","52","36","206",51.9,38.8,9.5,46.5,"101.199157732","94.955729845",23,44.7
"O'Hearn, Ryan",656811,2025,544,20,10.7,"0.803","11","49","29","66","117","35","18","196",17.8,38.2,7.6,42.5,"99.566357446","94.072133569",23.3,46.8
"Alexander, Blaze",677942,2025,266,32.3,8.3,"0.706","5","21","12","24","54","16","1","132",25.6,35.8,12.8,43.2,"100.976531667","94.769820208",31,47.4
"Cortes, Carlos",666126,2025,99,20.2,3,"0.866","3","6","5","15","24","2","5","37",17.5,36.8,9.2,44.7,"100.428924737","94.537320921",21.4,51.2
"Stephenson, Tyler",663886,2025,342,33.9,10.8,"0.737","4","14","21","43","57","12","5","160",4.9,42.2,14.4,49.2,"100.887212903","94.951515484",30.6,43.6
"Nuñez, Nasim",683083,2025,92,21.7,8.7,"0.699","1","6","4","10","26","5","4","34",7.6,34.4,4.7,42.2,"98.875752581","93.964415082",25.1,43.9
"Happ, Ian",664023,2025,663,22.8,13.1,"0.762","8","35","35","88","120","42","34","245",17.2,35.7,10.4,44.4,"101.384139763","95.030374418",24.6,43.5
"Kelenic, Jarred",672284,2025,65,35.4,7.7,"0.531","1","3","5","8","14","0","5","49",29.1,21.6,13.5,37.8,"100.910482778","94.461611389",41.5,50.4
"Caratini, Victor",605170,2025,386,16.8,6,"0.728","8","29","14","62","93","23","17","117",23.7,34.7,7.7,40.7,"100.008528662","94.285292852",19.8,46.6
"Sosa, Edmundo",624641,2025,261,21.5,3.8,"0.776","7","20","14","34","67","16","8","117",26.2,35.4,6.3,38,"99.677737979","93.987724064",25.7,57.1
"Schneider, Davis",676914,2025,227,26.4,15.9,"0.797","4","13","15","35","26","5","19","116",16.5,27.9,14,41.1,"100.329632154","94.696231395",28.5,42.7
"Castellanos, Nick",592206,2025,589,22.6,5.4,"0.694","13","37","36","94","126","46","13","328",17,39,7.6,34.5,"98.623467608","93.407329952",29.9,58.8
"Maldonado, Martín",455117,2025,161,35.4,5,"0.572","3","8","6","17","33","2","13","92",14.9,30.2,9.4,28.1,"97.990749545","93.002430341",38.4,45.3
"Peguero, Liover",678894,2025,88,28.4,6.8,"0.635","3","8","5","11","23","1","4","44",22.2,21.8,9.1,32.7,"97.231876667","92.703338148",33.6,41
"Canha, Mark",592192,2025,125,19.2,5.6,"0.537","1","11","4","19","22","10","14","48",6.9,25.3,2.2,33,"97.298217826","92.70554033",23.7,45.8
"Soler, Jorge",624585,2025,315,29.8,8.9,"0.680","5","21","10","32","61","16","18","152",41.2,31.9,12.8,42,"101.751590213","95.016723457",30.1,44.5
"De La Cruz, Elly",682829,2025,699,25.9,9.6,"0.776","14","64","34","60","166","34","22","341",45,32.5,10.2,44.2,"102.291176726","95.4641937",31.7,45.7
"Kelly, Carson",608348,2025,421,19,10.7,"0.761","11","24","25","62","88","26","23","141",6.2,34.8,9.6,40.3,"99.757056939","94.178120819",20.6,44.9
"Torres, Gleyber",650402,2025,628,16.1,13.5,"0.745","11","38","25","109","130","38","21","176",11.8,38.6,8.2,39,"99.951681689","94.284674897",19.5,40.8
"Cabrera, Oswaldo",665828,2025,122,20.5,9,"0.630","1","11","1","11","32","9","6","45",1.6,31,0,34.5,"97.700893415","93.00878321",24.3,48.5
"Hernández, Enrique",571771,2025,256,26.6,7,"0.621","7","14","9","46","52","12","12","125",14.3,32.9,9.4,37.6,"99.835463571","94.131469762",29,51.1
"Morel, Christopher",666624,2025,305,35.7,8.2,"0.685","8","27","15","44","40","11","13","223",61.9,33.7,14.8,49.7,"103.283549405","96.313953036",38.9,53.8
"Baty, Brett",683146,2025,432,25,7.6,"0.748","6","30","22","39","117","19","11","183",48.5,32.6,12.8,46.9,"102.670454406","95.715246084",27.3,46.7
"India, Jonathan",663697,2025,567,18.7,9.5,"0.669","9","36","18","99","114","24","40","160",23.5,33,5.8,36.8,"99.096462296","93.637694783",19.9,40.3
"Locklear, Tyler",682988,2025,116,37.1,8.6,"0.529","3","11","5","12","25","5","0","68",16.3,18.3,6.7,41.7,"100.538864667","94.491840333",32.2,48.8
"Capra, Vinny",681962,2025,105,23.8,2.9,"0.334","5","3","3","12","38","7","6","35",1.4,26.3,2.6,32.9,"96.857216667","92.522860282",24.5,44.8
"Kjerstad, Heston",677008,2025,167,26.9,3.6,"0.567","9","6","6","22","40","11","9","84",6.2,40.2,8,41.1,"99.548861786","93.904868661",28.4,56.6
"Alonso, Pete",624413,2025,709,22.8,8.6,"0.871","23","43","49","93","134","42","32","284",53.4,38.4,18.9,54.4,"105.076411532","97.45647",25.6,46.3
"McMahon, Ryan",641857,2025,586,32.3,11.9,"0.693","7","34","29","70","106","26","10","344",40.1,35.3,12.1,50.5,"102.856311911","96.350240575",35.2,45.4
"Vierling, Matt",663837,2025,100,24,7,"0.617","1","6","4","24","16","2","3","26",11,27.3,12.1,45.5,"100.691921212","95.080868939",18.5,44.7
"Schwarber, Kyle",656941,2025,724,27.2,14.9,"0.928","4","26","58","82","114","31","36","381",77.2,35.3,20.8,59.6,"105.678659216","98.063659265",33.1,41.8
"Urías, Luis",649966,2025,330,13.6,9.4,"0.653","9","27","11","47","81","21","27","65",7.9,30.6,3.7,30.2,"96.770464065","92.415126898",13.3,42.2
"Taveras, Leody",665750,2025,180,27.8,2.8,"0.530","0","12","3","28","33","11","18","74",17,27.2,6.4,35.2,"99.243581864","93.754772203",25.2,52.1
"Rafaela, Ceddanne",678882,2025,587,19.9,4.8,"0.709","9","52","32","81","139","40","35","284",12.4,32.3,9.2,38.7,"99.637036837","93.97214993",26.8,58.9
"Osuna, Alejandro",696030,2025,176,19.3,11.9,"0.591","1","6","4","20","45","13","8","49",16.4,34.5,5.9,37,"100.229705172","94.226966293",19.6,44.2
"Escarra, J.C.",641555,2025,98,14.3,11.2,"0.629","1","4","2","12","28","7","7","30",26.4,27.8,5.6,43.1,"100.294987778","94.348824722",19.4,43
"Freeman, Tyler",671289,2025,428,11.9,7.9,"0.715","10","40","9","60","133","25","6","77",14.6,30.7,2.1,40.4,"99.694809259","94.1276813",12.5,46.1
"Merrill, Jackson",701538,2025,483,22.4,6.8,"0.774","4","44","25","77","88","39","16","222",19.9,42.6,13,42.9,"100.742734371","94.664461796",27.1,58.4
"Barrosa, Jorge",678489,2025,77,28.6,2.6,"0.394","1","5","2","16","18","6","0","38",2.9,26.9,0,30.8,"96.6119248","92.468888",26.9,48.9
"Loftin, Nick",679845,2025,188,14.4,7.4,"0.635","7","9","6","31","48","14","15","54",6.6,35.4,6.3,34,"97.565724507","92.851372465",19,46.7
"Rojas, Johan",679032,2025,172,23.3,7.6,"0.569","2","18","4","18","48","10","7","65",12.7,27.7,3.4,35.3,"99.557933889","93.879675648",24.7,52.5
"Campero, Gustavo",672569,2025,66,21.2,7.6,"0.618","2","1","3","10","18","3","2","24",8.9,27.3,6.8,22.7,"95.820476364","92.031090233",27.6,48.9
"Shaw, Matt",807713,2025,437,21.5,8.7,"0.689","2","27","20","58","93","32","28","149",11.3,35.3,6.9,29,"96.776040671","92.408774698",22.5,48
"Langford, Wyatt",694671,2025,573,26.4,12.9,"0.775","9","33","24","81","87","30","26","234",29,35.9,14,48.4,"102.369966744","95.79834863",26.3,43
"McLain, Matt",680574,2025,577,28.9,9.5,"0.643","8","43","20","85","96","25","31","247",5.2,34,7.7,40.7,"99.170988588","93.766255706",28.5,43.2
"Trout, Mike",545361,2025,556,32,15.6,"0.798","7","31","28","58","66","31","20","247",40.1,44.4,15.8,49.3,"103.439903451","96.179463887",29.9,38.8
"García, Adolis",666969,2025,547,24.7,5.1,"0.665","9","35","28","100","105","30","27","300",25.3,33.2,11.6,46.7,"101.875197354","95.57270172",30.3,52.2
"Garver, Mitch",641598,2025,290,27.6,10.3,"0.640","6","16","12","44","47","14","18","136",15.7,31.1,7.9,46.9,"100.635150112","94.896484576",30.7,40.8
"Torkelson, Spencer",679529,2025,649,26,11.1,"0.789","12","22","44","102","88","28","46","270",26.4,39.3,13.5,45.1,"100.7921562","94.776285589",26.9,44.6
"Arraez, Luis",650333,2025,675,3.1,5,"0.719","12","64","18","121","215","72","26","46",0.4,37.1,1.1,16.7,"93.590259064","90.800701323",5.3,49.4
"McGuire, Reese",624512,2025,140,19.3,2.9,"0.689","3","7","10","20","38","8","12","56",9.8,31.2,9.2,36.7,"97.746413462","92.967980769",22.7,55.1
"Realmuto, J.T.",592663,2025,550,23.5,6.4,"0.699","13","44","26","63","124","38","21","213",26.3,36.7,8.8,45.5,"101.254721596","94.894975239",24.3,48.6
"Rodgers, Brendan",663898,2025,128,35.9,8.6,"0.544","2","3","5","17","25","3","3","75",40.4,40,14.3,48.6,"101.904707429","95.241190286",37.8,47.2
"Young, Cole",702284,2025,257,18.3,10.9,"0.607","4","17","7","45","52","17","19","87",21.6,33.3,5.6,31.1,"97.99473618","93.043937232",24.6,44.5
"Valdez, Enmanuel",665839,2025,102,15.7,10.8,"0.657","2","6","3","16","20","11","9","29",7,37.3,8,42.7,"100.139290263","94.238050933",21.5,43.8
"Bernabel, Warming",682653,2025,146,17.1,4.8,"0.698","2","14","6","21","34","13","10","55",5.1,34.2,2.6,32.5,"97.004497018","92.502248509",20.8,55.4
"Vaughn, Andrew",683734,2025,447,17.9,6.9,"0.718","12","29","18","72","110","27","20","151",12.2,38.4,12,47.7,"101.722005241","95.420312018",21.7,46.9
"Doyle, Brenton",686668,2025,538,25.7,5.6,"0.650","14","43","26","70","129","34","17","266",6.3,33,10.8,44.6,"101.00400956","94.812165962",29.7,50.4
"Jankowski, Travis",608671,2025,50,24,6,"0.575","0","7","0","4","15","2","2","19",1.4,22.9,0,34.3,"98.685423125","93.38867375",23.3,47.3
"Misner, Kameron",670224,2025,217,31.8,7.4,"0.618","1","16","6","29","41","11","8","136",32.4,27.5,5.3,29.8,"98.404901875","93.313993858",34.4,47.3
"Sweeney, Trey",700242,2025,326,28.2,8,"0.549","2","24","8","48","73","13","16","150",29.1,28.8,6.7,35.1,"98.832125049","93.46450932",28,51
"Crawford, J.P.",641487,2025,654,18.7,11.3,"0.722","11","47","28","77","155","49","23","210",19.3,40,4.8,34.7,"98.225449369","93.184882725",20.4,45.1
"Chaparro, Andrés",665953,2025,73,30.1,6.8,"0.505","0","4","1","8","15","3","7","36",29.7,35.6,11.1,37.8,"99.91851","94.142261778",32.9,50.7
"Judge, Aaron",592450,2025,679,23.6,18.3,"1.145","16","46","68","81","84","20","21","363",71.6,39.4,24.7,58.2,"106.838113247","98.650676124",34.6,43.7
"Naylor, Bo",666310,2025,414,23.9,10.9,"0.661","4","13","21","65","72","25","35","147",22.1,36.8,9.7,38.3,"99.633649773","94.100167452",22,47.1
"Raleigh, Cal",663728,2025,705,26.7,13.8,"0.948","6","27","67","105","79","26","53","398",54.7,35.3,19.5,49.6,"103.032889563","96.180096034",31.5,51.7
"Beavers, Dylan",687637,2025,137,26.3,19,"0.775","0","8","8","22","14","10","4","44",22.3,37.3,9.3,28,"98.582665946","93.439117838",23.7,37.1
"Basallo, Samuel",694212,2025,118,25.4,5.1,"0.559","4","3","9","17","36","3","5","58",55.6,20.3,8.9,43,"101.75076075","95.101636582",29.4,56
"Nootbaar, Lars",663457,2025,583,20.4,11,"0.686","4","40","18","85","109","39","41","168",37.8,33,10.2,50,"101.938818418","95.520290383",20.9,39.4
"Bart, Joey",663698,2025,332,28,12,"0.695","14","28","8","32","72","12","5","131",44.6,35.9,10.4,43.2,"101.710723021","95.09948901",28,40.3
"Kurtz, Nick",701762,2025,489,30.9,12.9,"1.002","4","30","41","54","73","13","10","272",72.5,39,18.4,51.1,"104.041792059","96.828915978",35.5,43.1
"Suwinski, Jack",669261,2025,178,32,13.5,"0.534","1","2","5","30","30","9","2","90",42.4,35.5,11.8,38.7,"100.555321489","94.441022581",32.1,39.8
"Goodman, Hunter",696100,2025,579,26.3,5.7,"0.843","16","50","40","72","100","27","40","329",42.7,32.8,12.8,46.9,"102.599968608","95.758645633",32,55
"Urías, Ramón",602104,2025,391,22.5,6.9,"0.676","6","26","16","54","88","22","24","165",12.5,33.6,8,41.8,"99.727267941","94.199624375",26.2,49.1
"Gurriel Jr., Lourdes",666971,2025,546,13.9,5.7,"0.713","11","41","21","97","121","46","39","193",9.6,37.4,7.2,38.3,"99.058751759","93.630561528",20.2,52.3
"Vivas, Jorbit",678391,2025,66,19.7,7.6,"0.516","0","0","1","8","17","4","5","25",5.5,32.6,4.7,37.2,"97.064059545","92.664742791",25.4,49.6
"Rojas, Miguel",500743,2025,317,14.5,7.6,"0.715","7","30","10","47","83","23","18","78",4.4,34.4,4,31.2,"97.377713277","92.731858692",17.9,44.9
"Loperfido, Joey",694388,2025,104,26,3.8,"0.879","2","10","7","7","20","6","5","55",26.7,32.9,5.7,37.1,"98.535505294","93.357428824",29.4,53.5
"Gray, Tristan",656484,2025,86,22.1,7,"0.692","0","3","3","14","16","7","6","46",49.3,42.6,13.1,44.3,"101.892879333","95.131409333",31.9,52.7
"Hilliard, Sam",656541,2025,61,37.7,16.4,"0.740","1","3","5","3","11","1","3","43",56.2,21.4,17.9,57.1,"103.536915714","97.178934444",39.2,43.5
"Casas, Triston",671213,2025,112,24.1,9.8,"0.580","3","0","6","19","28","4","3","62",54.2,34.7,9.7,44.4,"100.957485","94.540363056",31.1,48.5
"Henderson, Gunnar",683002,2025,651,21,9.5,"0.787","7","55","26","58","161","37","29","258",53.7,29.9,8.5,49.2,"102.936564389","96.031023084",25.1,47.6
"Wiemer Jr., Joey",686894,2025,61,37.7,3.3,"0.715","0","4","5","5","12","4","0","36",22.7,38.2,14.7,61.8,"101.055430588","95.594696176",33.1,56.6
"Ward, Taylor",621493,2025,663,26.4,11.3,"0.792","13","29","47","101","112","34","31","215",7.2,34.9,13.7,42.7,"100.944753902","94.843614171",23.8,37.6
"Allen, Nick",669397,2025,416,23.8,7.5,"0.535","8","33","7","47","100","28","26","133",0.2,29.3,0,21.6,"94.907320963","91.457467333",21.5,48.4
"Wynns, Austin",642851,2025,110,29.1,4.5,"0.865","3","8","9","14","24","2","3","52",16.2,35.6,9.6,46.6,"101.397520833","95.015625972",27.6,51.5
"Hernandez, Heriberto",681715,2025,294,26.2,10.5,"0.785","6","25","14","40","52","11","12","163",37.4,29,10.9,45.4,"101.299416264","95.054874807",35.2,45.2
"Renfroe, Hunter",592669,2025,108,19.4,7.4,"0.483","4","8","1","19","26","2","14","37",43.7,24.1,6.3,35.4,"99.1918265","93.701721646",23.3,44
"Wade Jr., LaMonte",664774,2025,242,24,11.2,"0.525","2","10","5","48","38","19","14","76",7.8,33.8,4.5,31.8,"98.244666579","93.396152434",22.8,40.9
"Karros, Kyle",691720,2025,156,26.3,9.6,"0.585","5","13","1","22","33","6","5","69",2.5,25.5,1,33.7,"97.893413061","93.025963711",27.3,45
"Springer III, George",543807,2025,586,18.9,11.8,"0.959","14","42","43","68","105","30","33","246",40.5,41.2,16.1,47.6,"102.436288051","95.608566256",26.1,46.2
"Wagner, Will",695238,2025,149,18.8,11.4,"0.603","3","10","4","13","42","12","6","59",6.3,31.4,2,41.2,"98.7454226","93.4040769",22.4,49.5
"Smith, Cam",701358,2025,493,27.8,8.7,"0.670","11","34","18","52","104","31","14","247",46.9,34.6,6.9,40.8,"100.519229085","94.330406111",28.7,48.4
"Hernaiz, Darell",687231,2025,197,12.2,8.6,"0.598","2","16","5","26","61","20","7","53",2.2,31.4,3.2,30.1,"96.82003961","92.458948824",19.3,50.8
"Kim, Hyeseong",808975,2025,170,30.6,4.1,"0.699","0","20","8","12","38","12","3","88",2.4,39.1,2.7,28.2,"95.688711273","91.889763486",31.4,50.6
"Marsh, Brandon",669016,2025,425,25.9,8.9,"0.785","2","33","24","48","82","28","12","154",13.9,39.1,8.3,46.4,"100.6056675","94.960470849",23.2,47.1
"Frazier, Adam",624428,2025,459,17.6,5.7,"0.684","8","32","20","71","104","38","18","145",1.6,39.5,2,20.6,"94.597659294","91.299166588",19.7,51.3
"Paris, Kyren",677347,2025,140,42.1,7.1,"0.647","1","8","9","18","17","5","3","113",35.1,34.3,16.4,47.8,"100.929316364","94.91915303",45.7,49.2
"Gasper, Mickey",681508,2025,110,18.2,9.1,"0.489","1","9","3","21","24","7","10","26",7.8,16.9,1.3,31.2,"97.650921842","93.035443421",18.5,39.5
"Stanton, Giancarlo",519317,2025,281,34.2,10.3,"0.944","5","20","22","26","34","9","17","169",97.3,35.7,22.1,55.2,"107.633614026","98.832539221",37.4,41.4
"Laureano, Ramón",657656,2025,488,24.4,7.2,"0.854","10","37","30","56","98","27","20","229",22.4,37.1,13.8,49.1,"102.249268272","95.596059444",27.3,47.6
"Albies, Ozzie",645277,2025,667,14.1,8.2,"0.671","9","45","28","118","146","46","56","228",7,33.5,4.9,30.7,"96.947639144","92.546234163",20.8,54.1
"Thomas, Alek",677950,2025,469,26,4.5,"0.659","2","41","18","51","131","15","15","207",14.5,27.7,7.8,39.3,"100.704408917","94.569621821",28.7,52.9
"Bader, Harrison",664056,2025,501,27.1,7.8,"0.796","5","53","22","50","91","22","28","227",37.1,33,10.2,40.3,"100.565887134","94.337735112",29,47.9
"Horwitz, Spencer",687462,2025,411,17.8,10.7,"0.787","7","27","20","61","85","25","22","117",7,38.7,8.2,36,"98.063965931","93.094774414",17.8,46.3
"Iglesias, Jose",578428,2025,343,16.3,7,"0.592","7","35","6","33","117","23","13","94",9.3,27,2,28.5,"96.076090484","92.044981089",17.8,45
"Monasterio, Andruw",655316,2025,135,23.7,5.2,"0.756","1","11","8","22","19","8","11","57",2.2,43.6,5.3,35.1,"96.826778511","92.50592129",26,47
"Huff, Sam",669087,2025,58,43.1,6.9,"0.599","2","2","4","3","12","2","0","41",36.5,34.5,13.8,37.9,"98.959443333","93.867601034",41.7,46.6
"Tellez, Rowdy",642133,2025,312,26.6,5.4,"0.719","9","19","21","45","62","19","16","132",48.5,36.8,15.3,46.4,"102.572964381","95.775843301",28.1,44.9
"Maile, Luke",571912,2025,54,29.6,13,"0.702","1","3","1","6","11","2","1","22",3.8,38.7,6.5,45.2,"101.387447857","95.660297143",27.4,44.4
"Cruz, Oneil",665833,2025,544,32,11.8,"0.676","6","35","19","57","111","25","14","283",78.5,31.5,17.9,56.6,"107.307978467","98.8072552",34,41.6
"Olson, Matt",621566,2025,724,24.3,12.6,"0.850","14","47","47","81","133","35","32","335",41.3,37.1,14.3,53.3,"103.816455133","96.735765819",26.2,45.3
"Duran, Jarren",680776,2025,696,24.3,8.6,"0.774","6","52","31","83","137","38","36","303",47.5,34.5,9.7,46.8,"103.158389163","96.0558783",29.3,47.2
"Pereira, Everson",677592,2025,73,38.4,9.6,"0.465","2","2","3","9","14","3","2","58",33.9,31.6,7.9,44.7,"100.842596842","94.782732368",45.8,46.9
"Meyers, Jake",676694,2025,381,17.6,8.1,"0.727","9","43","7","50","94","26","10","112",5,34.6,5,38.9,"99.285411377","93.81484913",21.2,47.2
"Biggio, Cavan",624415,2025,83,25.3,13.3,"0.542","0","3","2","21","11","5","1","30",5.4,34,4,36,"97.68916375","93.2967125",25.4,38.1
"Vargas, Ildemaro",545121,2025,121,12.4,1.7,"0.675","3","14","4","20","46","3","2","37",11.6,26.5,3.9,37.3,"99.5403382","94.1288186",19.4,50.6
"Acuña Jr., Ronald",660670,2025,412,24.8,17.2,"0.935","5","38","27","43","72","11","12","214",67.3,30.9,15.7,52.1,"104.977230678","97.231110979",30.3,46.2
"Alvarez Jr., Nacho",805373,2025,208,23.6,5.8,"0.626","1","13","9","24","41","14","19","63",3.8,33.1,1.4,26.8,"95.360603857","91.727261",22.2,43
"Estrada, Thairo",642731,2025,165,15.8,3.6,"0.655","6","14","6","24","54","9","5","59",18.8,28.2,3.1,30.5,"97.262690923","92.709620231",22.8,54
"Perdomo, Geraldo",672695,2025,720,11.5,13.1,"0.851","11","45","34","107","167","42","42","122",4.6,36.2,6.2,31.9,"97.403040156","92.774457856",12,39.7
"Chourio, Jackson",694192,2025,589,20.5,5.1,"0.771","13","57","28","84","129","41","32","253",40,34,9.7,42.3,"101.15634963","94.875813411",26,53.4
"Massey, Michael",686681,2025,277,15.5,3.2,"0.581","3","22","9","60","48","24","27","86",6.9,35.7,4,33,"97.791403604","92.942590407",18.5,54
"Fitzgerald, Ryan",680837,2025,53,15.1,13.2,"0.759","0","1","5","9","15","1","4","21",5.3,23.7,13.2,34.2,"98.701341111","93.402786667",28.7,44.8
"Triolo, Jared",669707,2025,376,20.2,10.4,"0.667","4","25","14","57","81","28","18","146",14.2,34.4,6.2,38.2,"99.337682857","93.864443413",24,47.2
"d'Arnaud, Travis",518595,2025,231,32,5.6,"0.598","5","9","12","24","45","12","17","138",8,34.3,11.4,37.9,"99.193355143","93.8755725",31.9,54.2
"Rooker Jr., Brent",667670,2025,699,22.2,9.3,"0.814","13","43","39","104","132","42","28","354",35.6,39.7,13.7,44.8,"101.348762785","95.08004389",30.8,50
"McCormick, Chas",676801,2025,116,26.7,7.8,"0.569","1","6","6","11","24","8","11","75",13.7,32,5.3,29.3,"97.336296765","92.737822239",34.7,55.2
"Fairchild, Stuart",656413,2025,55,27.3,7.3,"0.606","2","5","4","8","9","1","6","29",7.1,22.2,13.9,36.1,"98.732025625","93.561049355",30.7,51.8
"DeJong, Paul",657557,2025,208,33.7,5.3,"0.642","3","13","10","33","24","11","13","139",16.4,37.3,10.3,39.7,"99.616800317","93.875351032",33.2,57.2
"Holliday, Jackson",702616,2025,649,21.6,8.6,"0.689","4","52","26","86","167","34","18","238",10.7,32.4,7.8,40.8,"99.642935225","94.03038741",24.5,47.1
"Torrens, Luis",620443,2025,283,19.8,6.7,"0.629","7","15","13","30","89","24","4","99",8.9,35.9,10.7,48.1,"100.939072718","94.984531902",20.7,49.3
"Larnach, Trevor",663616,2025,567,21.5,9.3,"0.727","19","45","21","79","124","39","18","241",23.3,34.9,7.2,45.7,"101.351578402","95.134984031",29.8,44.5
"Stowers, Kyle",669065,2025,457,27.4,10.5,"0.912","6","29","36","48","79","21","15","269",51.7,38,19,52,"103.093111727","96.214876787",32.5,54
"Muncy, Max",691777,2025,220,30.9,4.5,"0.638","1","12","12","19","51","12","12","113",34.2,33.8,10.1,32.4,"99.591026471","93.796838162",32.6,50.2
"Edman, Tommy",669242,2025,377,16.2,5,"0.656","4","23","15","56","110","31","15","92",11.9,33.3,4.5,39.9,"99.368114861","93.911672648",19.8,48
"Caballero, José",676609,2025,370,26.5,12.7,"0.686","1","28","13","40","61","24","22","153",10.6,36.5,5.9,30.6,"97.838589423","92.958973317",26.7,45
"Encarnacion-Strand, Christian",687952,2025,137,23.4,2.2,"0.611","1","7","7","23","32","5","13","58",36.9,29,9,44,"100.823273","94.4550123",25.8,56.3
"Rushing, Dalton",687221,2025,155,37.4,6.5,"0.582","1","8","9","18","22","8","8","83",23.7,37.2,14,45.3,"101.944263256","95.275830465",35.7,44.8
"Feduccia, Hunter",676439,2025,105,27.6,14.3,"0.472","0","7","2","9","21","10","7","56",10.2,31.1,8.2,32.8,"97.34747871","92.755463607",28.3,44.4
"Smith, Dominic",642086,2025,225,18.7,6.7,"0.750","5","24","10","36","46","18","8","78",4.1,39.2,4.2,35.5,"97.948953012","93.092219394",22.2,49.4
"Grisham, Trent",663757,2025,581,23.6,14.1,"0.812","7","26","44","76","107","28","30","175",11.5,34.6,14.2,46.4,"101.23838764","95.167728169",22.7,38.9
"Bohm, Alec",664761,2025,504,16.3,5.8,"0.740","16","53","16","65","140","39","8","107",18.2,35.6,6.2,46.4,"100.707635803","94.852393109",14.6,48.2
"Wilson Jr., Jacob",805779,2025,523,7.5,5.2,"0.799","16","61","20","57","179","39","23","67",0.3,32.2,2.2,24.7,"95.136633108","91.576810226",9.6,49.9
"Harris, Brett",695391,2025,84,25,8.3,"0.691","1","10","3","12","18","2","2","28",17.7,27.8,3.7,27.8,"97.65899","92.8454",24.8,44.3
"Friedl Jr., TJ",670770,2025,685,16.8,11.8,"0.742","7","59","20","82","141","49","48","154",5.9,33.4,2.7,32.1,"97.485236416","92.822655233",17.5,39.2
"Fitzgerald, Tyler",666149,2025,243,28.8,7,"0.605","3","16","8","39","46","9","13","136",3.9,30.5,4.5,27.9,"96.267063288","92.142678904",31.2,52.6
"Montgomery, Colson",695657,2025,284,29.2,8.8,"0.840","3","13","25","29","50","15","17","162",71.6,35.8,14.5,44.5,"103.033915517","95.788646879",31.5,50.7
"Rocchio, Brayan",677587,2025,383,20.1,5.7,"0.630","4","25","11","57","100","28","9","154",6.8,33.3,3.3,35.5,"98.267840896","93.292344494",24,51.4
"Lowe, Brandon",664040,2025,553,26.9,6.9,"0.784","6","31","37","71","107","30","24","344",40.4,37.6,12.9,46.6,"101.991060221","95.474542762",33.4,55.5
"Bouchard, Sean",656248,2025,73,37,9.6,"0.489","2","1","3","7","14","4","3","34",23.2,28.2,0,30.8,"96.339928","92.310214872",34.7,43.2
"McKinstry, Zach",656716,2025,511,21.7,9,"0.771","6","26","27","58","116","37","19","187",1.9,41.2,6.1,30.5,"96.985648092","92.494690578",22.8,46.7
"Rivas, Leo",660844,2025,111,21.6,18,"0.720","1","9","5","15","20","5","4","37",2.7,33.3,3,19.7,"94.335269697","91.255144",22.6,34
"Moniak, Mickey",666160,2025,461,23.9,4.8,"0.824","4","29","36","84","81","33","12","221",37.4,37.6,13.8,45.3,"101.40795773","95.080857415",28.2,56.5
"Thomas, Lane",657041,2025,142,31,9.9,"0.518","4","8","4","17","22","6","17","67",22.1,26.5,4.8,31.3,"98.390208571","93.283397831",32.1,43.7
"Encarnacion, Jerar",666464,2025,56,26.8,1.8,"0.578","3","3","2","6","17","6","0","27",53.6,37.5,5,45,"101.726596","94.9849385",34,50.8
"Alvarez, Francisco",682626,2025,277,26.4,9.7,"0.786","6","25","16","25","61","15","9","154",40.8,32.4,12.1,54.3,"103.450256092","96.632659422",34.6,45.8
"Eaton, Nate",681987,2025,90,21.1,6.7,"0.731","1","15","3","12","17","7","4","27",31.2,31.3,6.3,37.5,"98.736911563","93.482995873",17.6,47
"Smith, Josh",669701,2025,563,17.8,9.8,"0.701","3","39","23","73","139","35","27","171",3.7,33.8,5,31.1,"97.379499592","92.713932653",19.6,45.5
"Gonzalez, Oscar",660757,2025,61,21.3,3.3,"0.483","1","7","0","10","17","5","1","34",35.9,34.8,6.5,45.7,"100.983558261","94.74139413",27.1,66.7
"Seymour, Bob",676044,2025,83,38.6,4.8,"0.535","0","9","2","6","14","6","3","50",44.1,23.9,0,47.8,"100.880754348","94.768931304",36.7,56.3
"Yorke, Nick",694377,2025,72,20.8,4.2,"0.583","1","8","2","9","21","4","4","29",22,25.9,1.9,38.9,"98.7823","93.529267358",22.3,52.1
"Taylor, Michael A.",572191,2025,325,33.8,7.1,"0.625","7","18","16","45","54","15","16","224",26.7,37.2,10.5,42.9,"101.676094494","95.232601638",37.7,51.3
"Amaya, Jacob",676070,2025,73,21.9,4.1,"0.260","1","5","0","9","23","9","5","18",2.2,22.2,0,29.6,"97.032412308","93.052247451",19.6,39.8
"Jensen, Carter",695600,2025,69,17.4,13,"0.941","1","5","3","5","17","6","2","29",44.2,41.7,20.8,58.3,"105.665572083","98.411932917",24.6,48.5
"Fry, David",681807,2025,157,36.9,5.7,"0.592","3","6","8","17","26","5","15","93",7.2,23.9,9.1,39.8,"99.144653488","93.742049535",32.6,52.6
"Hamilton, David",666152,2025,194,24.2,6.7,"0.590","3","15","6","29","44","15","10","66",10.4,27.8,6,27.8,"97.096658438","92.584142835",22.7,44.5
"Muncy, Max",571970,2025,388,21.4,16.5,"0.846","4","13","28","68","61","19","10","148",14.3,37.4,13.6,51.5,"101.909755678","95.532473957",23.5,42.4
"Verdugo, Alex",657077,2025,213,14.6,6.6,"0.585","1","13","4","29","61","20","9","43",3.9,34.9,3,42.8,"99.887519759","94.267966303",14.4,38.6
"Kemp, Otto",805249,2025,218,30.7,5.5,"0.709","4","16","12","31","41","12","2","127",26.7,38.6,12.1,44.7,"100.840276818","94.728175344",34.3,51.3
"Martini, Nick",605361,2025,111,16.2,8.1,"0.582","1","10","2","21","28","6","6","27",3.5,26.2,3.6,31,"97.063985476","92.605228313",19.1,44.9
"Burleson, Alec",676475,2025,546,14.5,7.1,"0.802","14","51","24","98","119","33","29","141",29.2,34,9.5,43,"101.386484258","95.130209592",17.9,49.3
"Bell, Josh",605137,2025,533,16.5,10.7,"0.742","15","39","30","77","137","35","21","208",34.9,33.4,12,47,"102.549856474","95.682677968",23.6,47
"Herrera, Jose",645444,2025,204,23,11.3,"0.544","2","11","6","30","48","12","12","60",1.4,30.8,0.8,22.6,"94.05191082","91.19759124",21.1,38.8
"Stallings, Jacob",607732,2025,129,31,4.7,"0.363","5","3","4","16","37","7","4","79",0.4,31.3,1.3,26.3,"94.85299475","91.470348228",34.1,55.6
"Moore, Dylan",664238,2025,243,33.7,8.2,"0.641","1","13","12","33","36","9","18","145",15,34.3,8.6,34.3,"97.881551857","92.946941714",33.3,48.7
"Clase, Jonatan",682729,2025,112,25,8.9,"0.588","1","8","8","19","24","5","4","46",21.9,21.9,6.8,35.6,"98.503751471","93.279422647",27.1,47.2
"Simpson, Chandler",802415,2025,441,9.8,4.5,"0.671","10","51","6","27","176","38","11","66",0.3,29.8,0,17.3,"93.5904715","90.810575972",11.5,48.6
"Freeman, Cody",683227,2025,121,15.7,4.1,"0.600","3","9","4","14","38","9","10","26",1.5,33,4.1,25.8,"94.709205208","91.506490842",13.6,45.1
"Carlson, Dylan",666185,2025,241,22.4,8.7,"0.614","3","13","10","43","49","18","10","92",4.5,34.8,6.7,30.5,"97.553371852","92.871209136",22.9,45.2
"Rosario, Amed",642708,2025,191,16.2,3.7,"0.745","6","19","6","26","53","11","10","71",29.9,35.1,6,45,"101.6359032","95.1587738",22.2,55.9
"Noda, Ryan",676116,2025,59,42.4,18.6,"0.446","0","0","1","6","8","0","4","42",24.7,21.7,8.7,34.8,"99.337918182","93.769506364",44.1,40.2
"Narváez, Carlos",665966,2025,446,24.9,8.5,"0.725","12","35","22","61","98","21","19","221",20.5,30.4,9.1,44.6,"101.53825034","95.342193367",27.7,48.9
"Raley, Luke",670042,2025,219,29.2,8.7,"0.630","2","12","8","20","53","8","5","164",38.3,31.7,10.6,42.3,"101.481510339","95.137145897",40.8,53.9
"Arias, Gabriel",672356,2025,471,34.4,5.7,"0.637","8","36","17","42","101","21","14","372",52.7,33.8,11.3,43.3,"102.355979412","95.517852978",40.5,57.3
"Pérez, Wenceel",672761,2025,383,22.7,8.1,"0.738","5","30","14","68","66","22","22","161",8.5,37.8,8.8,40.1,"99.315106565","93.97487416",26,49.3
"Peña, Jeremy",665161,2025,543,17.1,6.4,"0.840","9","56","27","69","137","27","20","224",15.7,30,8.2,42.9,"100.3500578","94.382263083",27.1,51
"Refsnyder, Rob",608701,2025,209,25.8,11.5,"0.838","6","14","11","24","43","8","6","79",33.8,34.6,12.3,52.3,"102.333693385","95.943907308",25.3,40.9
"Mauricio, Ronny",677595,2025,184,29.3,8.2,"0.662","5","13","10","16","39","8","12","102",40.8,28.1,8.8,43,"101.786935","95.220553393",33.9,52.5
"Walls, Taylor",670764,2025,317,22.1,8.2,"0.599","1","22","14","54","70","22","13","98",2.2,33.5,3.2,26.4,"96.119638571","92.100255905",20.3,45.9
"Dunn, Blake",694362,2025,75,33.3,10.7,"0.553","1","3","1","3","19","3","1","38",6.4,25.7,8.6,37.1,"99.079548824","93.890402424",33.1,41.8
"House, Brady",691781,2025,274,28.5,2.9,"0.574","11","21","9","36","66","20","4","158",22.2,36.2,4.3,46.3,"101.278758298","94.962086257",30.9,57.2
"Toro, Abraham",647351,2025,284,14.8,4.9,"0.660","1","20","15","42","76","20","19","95",6,32,4.5,34.2,"97.83336","92.947994955",20.4,49.6
"Jones, Nolan",666134,2025,403,28,9.7,"0.600","6","30","11","53","76","27","14","185",31.4,35.8,8.5,46.7,"101.479686667","95.273598792",27.9,46.4
"Adams, Riley",656180,2025,286,38.5,6.3,"0.560","6","17","9","23","60","12","9","158",79.2,31.4,10.5,52.3,"103.494352237","96.418372697",34.6,48.3
"Lowe, Josh",666139,2025,435,25.1,7.6,"0.649","7","30","16","43","105","37","16","234",27.5,34.5,5.9,39.6,"99.41732007","93.945724064",28,54.5
"Lopez, Otto",672640,2025,594,13.8,7.4,"0.673","9","52","23","85","174","49","21","157",22,32.5,7.1,38.3,"99.900867489","94.042562749",18.9,46.3
"Moreno, Gabriel",672515,2025,309,17.2,9.4,"0.786","6","29","12","47","60","26","13","82",15.9,39.8,7.1,43.4,"99.634329735","94.171203067",18,44
"Perkins, Blake",663368,2025,171,27.5,8.8,"0.646","4","15","5","19","41","7","6","67",3.3,30.6,3.7,34.3,"98.425322941","93.623814314",28.4,38.8
"Murphy, Sean",669221,2025,337,31.2,10.4,"0.709","9","12","19","38","75","11","5","185",30.6,30.2,13.2,43.1,"102.033985426","95.22279861",32.3,47.9
"Chisholm Jr., Jazz",665862,2025,531,27.9,10.9,"0.813","3","36","41","65","90","22","30","294",41.8,32.6,15,43.3,"100.93875057","94.67092819",32.2,47.1
"Urshela, Gio",570482,2025,197,20.3,6.6,"0.613","6","15","3","23","54","17","7","98",5.4,41.7,2.1,34,"97.570132254","92.832189085",30.1,55.6
"Quero, Edgar",700337,2025,403,17.6,7.9,"0.689","8","39","10","51","107","28","11","127",1.4,35.1,3.7,46.3,"99.759928311","94.349440405",21,46.4
"Rodríguez, Endy",682848,2025,57,24.6,8.8,"0.496","0","2","2","11","11","4","3","19",14.5,36.8,2.6,44.7,"99.320391053","94.658298919",24.5,45.9
"Bleday, JJ",668709,2025,344,26.5,10.5,"0.698","6","19","19","50","61","14","26","167",14.7,29.5,7.8,38.7,"99.544634679","93.986993226",29.8,44.7
"Stott, Bryson",681082,2025,560,16.3,9.6,"0.719","4","54","22","99","116","44","25","135",5.7,36,5.1,29.5,"97.625702976","92.873358435",16.7,40.4
"Ibáñez, Andy",628451,2025,193,13.5,6.2,"0.653","6","14","5","37","47","18","7","60",2.7,32.5,4.6,36.4,"98.636547027","93.431222703",18.5,51.4
"Baldwin, Brooks",681460,2025,328,26.2,6.4,"0.697","9","23","18","45","68","20","15","136",11.1,36.8,10.9,40.9,"100.405509245","94.668835355",24.6,53.2
"Noel, Jhonkensy",678877,2025,153,34,2.6,"0.480","4","10","6","21","35","8","9","100",73.2,25.8,6.2,41.2,"102.828730612","95.724912371",34.7,60.9
"Conine, Griffin",665052,2025,86,29.1,8.1,"0.732","0","5","3","8","21","4","1","46",45.3,33.3,14.8,48.1,"102.12991","95.268616852",36.1,45.9
"Outman, James",681546,2025,148,42.6,8.1,"0.537","0","2","9","15","24","7","7","104",27,28.2,16.9,39.4,"100.988622","94.538542857",40.4,47.4
"Yoshida, Masataka",807799,2025,205,11.7,4.9,"0.695","3","21","6","22","73","13","9","40",21.4,29.2,6.5,44,"100.498389286","94.589775269",15.4,44.5
"Hampson, Garrett",641658,2025,91,31.9,12.1,"0.419","2","6","2","12","15","6","7","30",0,25.5,2,19.6,"93.03904913","90.521580435",22.5,39.6
"Abreu, Wilyer",677800,2025,417,24.2,9.6,"0.786","8","24","34","76","63","16","29","168",40.9,31.9,12.3,44.9,"102.379878333","95.549366836",24,52.1
"Perez, Salvador",521692,2025,641,19.5,4.4,"0.730","14","21","49","105","145","40","42","292",30.5,35.7,14.8,46.7,"102.06590789","95.318358013",26.9,57.4
"Sanoja, Javier",691594,2025,342,12,5.6,"0.683","2","36","8","45","97","39","21","54",3.8,31.8,1.8,35,"98.289398881","93.337097491",12.4,46.9
"Yastrzemski, Mike",573262,2025,558,19.4,12.9,"0.736","7","28","30","96","95","36","35","157",9.6,35.6,8.5,42.6,"99.919347541","94.459655315",19,41.8
"Anderson, Tim",641313,2025,90,32.2,3.3,"0.499","1","8","2","10","26","2","0","50",2.4,20,0,36.4,"97.435145185","92.993100556",31.9,56.1
"Arozarena, Randy",668227,2025,709,26.9,9,"0.760","9","57","36","79","125","38","39","333",29.6,32.6,11.5,50.6,"102.490457934","95.926660471",29.7,44
"Davis, Henry",680779,2025,283,26.9,6.4,"0.512","2","13","9","46","48","18","26","147",39.3,33,11.5,37.4,"100.464622889","94.376065531",28.9,55.3
"White, Eli",642201,2025,271,25.8,4.1,"0.676","2","26","14","32","61","24","10","120",21.2,34.6,9,40.4,"100.120268901","94.122021978",26.2,52.9
"Trevino, Jose",624431,2025,302,12.9,5,"0.623","9","23","9","46","95","23","17","77",2.6,29,4.4,40.7,"99.163307459","93.735879959",18.4,46.6
"Sosa, Lenyn",672820,2025,544,23.3,3.3,"0.727","11","32","29","88","95","39","35","193",26.3,39.2,10.4,43.8,"100.914668265","94.870690765",23.5,51
"Frelick, Sal",686217,2025,594,13.5,7.9,"0.756","4","59","20","72","153","31","46","99",5.4,30.7,3.1,27.4,"96.058504215","92.02970778",12.8,44.1
"Herrera, Iván",671056,2025,452,18.6,9.5,"0.837","20","35","20","41","115","19","21","169",47.7,33.8,11,47.7,"102.882753464","95.975006557",23.3,45.1
"Melendez Jr., MJ",669004,2025,65,35.4,4.6,"0.321","0","1","3","12","11","4","5","43",25.5,21.6,8.1,45.9,"99.71341","94.594313514",41,47.8
"Kepler, Max",596146,2025,474,19.6,10.1,"0.691","10","24","21","87","95","31","24","176",15.9,34,11.6,44.7,"100.626033742","94.610328405",23.5,48.1
"Buxton, Byron",621439,2025,542,27.3,7.6,"0.878","0","43","43","77","84","27","24","301",50.5,32.9,17.6,53.8,"103.649870983","96.632317826",31.3,51.8
"Heineman, Tyler",623168,2025,174,17.8,6.9,"0.777","1","23","7","25","30","10","17","50",0.7,31.2,3.2,22.4,"95.366876724","91.715468261",19.3,53
"Profar, Jurickson",595777,2025,371,15.9,12.9,"0.787","4","30","16","65","64","17","34","95",18.1,27,7.3,40.3,"99.565421094","94.049759844",16.9,44.7
"Schmitt, Casey",669477,2025,348,23.9,7.8,"0.706","6","18","16","54","58","30","16","159",20.6,40.3,9,43.8,"100.706954224","94.593324009",25.8,51.6
"Benson, Will",666181,2025,253,26.5,6.3,"0.708","4","10","15","35","51","16","13","149",18.6,37.3,15.4,53.8,"102.907826588","96.242418757",34.4,52.9
"McNeil, Jeff",643446,2025,462,11.9,10.6,"0.746","5","19","16","83","109","33","27","127",10.2,38.9,5.1,32.9,"97.362971437","92.810539654",16.6,52.9
"Myers, Dane",667472,2025,333,23.1,6.9,"0.617","12","25","7","51","78","17","13","121",17.8,34.6,7.8,42,"99.818160261","94.250510655",23.7,45
"Tucker, Kyle",663656,2025,597,14.7,14.6,"0.841","8","27","37","99","114","41","28","181",23.6,37.5,10.8,40.4,"99.768677067","94.192831928",20.2,45.2
"Arenado, Nolan",571448,2025,436,11.2,6.4,"0.666","10","29","22","85","101","33","41","126",16.9,31.5,3.9,32.6,"97.232838983","92.648981303",17.9,49.1
"Suzuki, Seiya",673548,2025,651,25.2,10.9,"0.804","13","34","37","107","98","37","31","230",37.5,40.2,16.6,48.7,"102.931278798","95.890233373",23.9,40.6
"Witt Jr., Bobby",677951,2025,687,18.2,7.1,"0.852","7","65","33","108","124","42","43","269",45.1,35.4,12.5,48.5,"103.906232271","96.610542829",23.9,51.1
"Simon, Ronny",682927,2025,88,17,9.1,"0.572","1","12","0","11","23","4","8","23",23.5,27.7,6.2,36.9,"98.654906875","93.41201619",17.4,44.9
"Straw, Myles",664702,2025,299,16.7,6.4,"0.680","5","25","8","52","68","24","14","67",2.3,36.2,3.9,27.1,"96.079168692","92.074034626",17.3,47
"Rice, Ben",700250,2025,530,18.9,9.4,"0.836","18","32","32","73","115","37","24","169",34.5,39.3,15.4,56.1,"104.138238152","97.178139076",21.2,43.3
"Solano, Donovan",456781,2025,179,22.3,4.5,"0.628","9","16","3","23","43","12","9","84",1.3,35.9,3.9,37.5,"97.96341","93.101891328",26.4,51.7
"Cronenworth, Jake",630105,2025,515,20.8,13.4,"0.744","4","38","19","78","101","22","18","134",15.5,31.9,6.2,39,"99.15448481","93.790989905",18.8,42.7
"Jung, Josh",673962,2025,511,25.2,5.3,"0.684","10","39","25","63","108","40","19","216",5.2,39.4,8.2,46.7,"100.8140564","94.816045657",25.4,51.1
"Díaz, Elias",553869,2025,283,26.1,7.4,"0.607","11","19","9","44","51","15","24","173",29.4,30.1,7.5,38.7,"100.068601667","94.206191006",34.2,52
"Chapman, Matt",656305,2025,535,23.6,13.3,"0.770","8","38","25","57","96","30","42","202",50.8,34,9.9,47.6,"102.936609458","95.951665392",25.3,42.4
"Kim, Ha-Seong",673490,2025,191,20.4,8.4,"0.649","2","13","2","31","37","12","14","44",9.5,33.6,5.2,43.3,"99.669184627","94.229750677",15.5,40
"Domínguez, Jasson",691176,2025,429,26.8,9.6,"0.719","5","42","18","55","80","17","19","201",38.5,28.9,7,49.6,"102.212663185","95.648499111",27.2,50.4
"Durbin, Caleb",702332,2025,506,9.9,5.9,"0.721","10","42","18","74","134","35","44","88",1.9,29.6,4,26.9,"96.100902887","92.05425549",13,44.5
"Wilson, Will",669717,2025,91,37.4,7.7,"0.511","1","6","2","11","15","2","6","64",13.4,28.6,2,36.7,"97.655267273","92.939904186",37.4,55.2
"Greene, Riley",682985,2025,655,30.7,7,"0.806","14","47","48","80","118","31","20","374",57.2,36.9,17.1,45.5,"102.573683564","95.50996453",30.9,52.6
"Lawlar, Jordan",691783,2025,74,35.1,8.1,"0.545","0","3","2","8","13","5","3","35",18.9,36.6,4.9,34.1,"97.86948","93.084547949",33.3,44.2
"Jeffers, Ryan",680777,2025,464,19.6,10.8,"0.753","9","30","19","61","91","28","27","134",28.1,33.5,6.3,42.1,"100.809316139","94.578274032",21.1,38.9
"Wells, Austin",669224,2025,448,26.3,6.7,"0.711","10","22","23","76","75","20","31","219",31.1,33,10.2,45.2,"101.709094658","95.230029897",27.4,50.7
"Wade, Tyler",642180,2025,127,24.4,11.8,"0.561","0","9","1","15","35","5","3","45",1.2,28.7,0,15,"92.342291389","90.376605694",26.7,43.8
"Lee, Brooks",686797,2025,527,17.5,5.9,"0.655","11","39","22","94","138","26","25","214",9.4,30.8,5.8,38.5,"98.1525774","93.309491128",24,49.8
"Farmer, Kyle",571657,2025,300,22,5.7,"0.645","9","15","14","40","73","25","12","96",1.3,37.6,6.1,35.2,"97.85606783","93.102847062",21.5,48.5
"Gorman, Nolan",669357,2025,402,33.8,11.7,"0.666","1","16","22","60","46","22","19","224",24.5,39.3,9.1,41.1,"100.473005926","94.520283241",34.6,47.4
"Marte, Noelvi",682622,2025,360,23.6,4.4,"0.748","7","30","21","44","87","16","18","154",33.2,32,9,36.3,"99.982802857","94.081349283",27.1,51.8
"Neto, Zach",687263,2025,554,26.9,6,"0.793","5","34","35","78","96","27","27","280",13.3,38,14,46.6,"101.775942825","95.420716799",29.1,48.6
"Wisely, Brett",689172,2025,63,22.2,11.1,"0.594","0","0","3","12","12","2","6","21",3.5,28.6,7.1,31,"96.461614","92.230807",20.9,49.4
"Gelof, Zack",680869,2025,101,45.5,6.9,"0.502","0","9","2","10","12","6","4","83",14.2,35.4,12.5,47.9,"99.654851667","94.271335532",43.2,51.2
"Seager, Corey",608369,2025,445,19.6,13,"0.860","13","32","27","67","100","18","5","203",21.9,34.2,15.3,53.6,"103.909205676","96.729058034",27.9,49.9
"Busch, Michael",683737,2025,592,23.5,9.5,"0.866","2","29","45","98","111","27","13","245",7.1,41.1,17.1,47.3,"101.692645959","95.541508831",25.1,46.8
"Diaz, Yainer",673237,2025,567,16.8,3.5,"0.701","13","45","26","79","162","42","26","217",21.7,34.9,9.6,42.2,"100.97744942","94.706836942",23.4,59.5
"Benintendi, Andrew",643217,2025,470,17.4,8.5,"0.738","5","26","29","89","88","27","37","183",3.1,35.8,11,36.9,"98.278448655","93.238830702",24.5,50.3
"Ramírez, Agustín",682663,2025,585,19.3,6.2,"0.700","13","35","27","68","161","39","34","236",55.4,31.1,11,47,"103.943810657","96.283585728",25.5,49.9
"Turner, Trea",607208,2025,639,16.7,6.7,"0.812","11","75","27","85","159","39","21","270",17.9,34.7,5.8,42.1,"100.109582645","94.284521756",24.8,51.4
"Gilbert, Drew",687551,2025,109,18.3,6.4,"0.598","2","3","3","12","34","7","8","44",18.7,35.8,4.9,35.8,"98.241752","93.126746875",25.8,45.7
"Gonzalez, Romy",663853,2025,341,23.8,5.3,"0.826","8","36","13","38","84","15","5","182",44.7,33.5,12.6,57.3,"104.23239437","97.196095588",29.3,54
"Tauchman, Mike",643565,2025,385,22.3,11.7,"0.756","5","22","15","59","70","17","16","156",6,35.6,6.8,38.8,"99.55421704","93.9989049",24.3,46.8
"Bogaerts, Xander",593428,2025,552,17,8.7,"0.719","12","52","19","75","126","51","22","170",26,36.7,6.9,39.2,"100.194692388","94.235313756",21.3,41.9
"Tatis Jr., Fernando",665487,2025,691,18.7,12.9,"0.814","6","69","25","93","160","28","27","295",42.7,28.9,10.9,51.8,"103.834527241","96.713528272",27,45.9
"LeMahieu, DJ",518934,2025,142,24.6,9.9,"0.674","4","17","3","11","39","7","2","43",3.7,28,4.3,51.6,"101.062913913","95.603953804",22,42.1
"Keith, Colt",690993,2025,468,21.8,10.3,"0.746","7","33","19","73","87","36","14","159",10,41.1,9.2,43.7,"100.641926329","94.686217184",22.5,44.9
"Bauers, Jake",641343,2025,218,27.1,14.7,"0.752","1","9","9","29","35","8","10","84",71.4,36,13.6,45.6,"102.321269516","95.787091138",26.4,43.1
"Smith, Pavin",656976,2025,288,31.9,14.2,"0.796","7","20","14","24","45","13","8","141",21.6,37,11.7,46.1,"100.556484935","94.576743052",31.8,40.6
"Lux, Gavin",666158,2025,503,22.7,11.1,"0.724","3","43","15","60","114","30","9","158",5.1,38.1,3.6,36.9,"97.799033473","93.010295676",21.6,42.7
"Senger, Hayden",663584,2025,78,28.2,3.8,"0.415","3","5","0","9","19","6","5","39",26.3,28.8,3.8,38.5,"99.78424","94.065760204",33.1,54.7
"Marsee, Jakob",805300,2025,234,20.5,9.4,"0.841","2","20","10","29","52","13","6","63",3.9,38.9,8,41.4,"100.197952716","94.371443168",19.5,43.1
"Seigler, Anthony",678011,2025,73,21.9,11,"0.502","2","5","0","10","19","7","0","30",0,43.8,2.1,37.5,"98.248267391","93.527252667",27.4,42.4
"Harper, Bryce",547180,2025,580,20.9,12.1,"0.844","5","40","34","75","127","41","9","325",44.3,37.6,12.3,47.5,"102.783123874","95.800004672",30.7,54.2
"Thomas, Colby",687515,2025,132,37.1,5.3,"0.684","3","7","8","18","21","2","6","86",48.8,24,13.3,49.3,"104.21021","96.532611757",37.1,57.8
"Jung, Jace",690291,2025,55,29.1,12.7,"0.342","2","1","0","4","14","3","5","21",38,29,3.2,38.7,"99.26483","93.838995161",23.6,47.7
"Clarke, Denzel",672016,2025,159,38.4,3.8,"0.646","1","17","5","16","32","5","2","83",43.1,29.2,6.7,42.7,"101.799379767","95.151251744",32.7,47.1
"Tawa, Tim",694374,2025,225,28.4,8.9,"0.621","6","17","11","27","54","12","6","116",31,31.4,9.3,42.1,"100.696969118","94.668478824",32.5,48.4
"Betts, Mookie",605141,2025,663,10.3,9.2,"0.732","15","38","35","148","136","64","30","133",8,37.7,5.5,35.8,"98.069345714","93.262709925",15.3,41.2
"Bichette, Bo",666182,2025,628,14.5,6.4,"0.840","17","63","24","74","171","49","18","193",9.4,37.9,7.9,48.8,"101.819073862","95.502667967",18.4,53.1
"Brown, Seth",664913,2025,76,30.3,11.8,"0.565","2","3","2","13","11","3","3","45",24,40.5,9.5,40.5,"98.639958095","93.322191667",32.4,48.7
"Bellinger, Cody",641355,2025,656,13.7,8.7,"0.814","8","45","46","135","122","53","35","186",6.5,37.1,7.5,37.9,"98.690370317","93.444149405",18.1,48.3
"Call, Alex",669743,2025,322,17.1,11.2,"0.746","6","22","13","45","80","16","10","79",1.6,32.4,4.4,28.9,"97.303531852","92.783138698",19.2,38.5
"Stewart, Sal",701398,2025,58,25.9,5.2,"0.838","1","4","5","11","10","4","1","24",26.3,35,17.5,52.5,"103.545688","97.170707692",23.9,52.1
"Rojas, Josh",668942,2025,211,22.7,9,"0.511","6","9","9","37","51","17","4","70",2.5,30.6,3.5,36.8,"98.368843714","93.541469143",23.1,46.2
"Keirsey Jr., DaShawn",680577,2025,88,37.5,2.3,"0.317","1","2","3","11","25","1","6","38",6.5,19.2,5.8,34.6,"98.1940692","93.1913766",25.4,52
"Correa, Carlos",621043,2025,584,19.3,7.7,"0.734","19","52","17","63","153","36","23","209",37.8,34.6,6.8,45.9,"102.338902322","95.568245592",22.3,46.4
"Wong, Connor",657136,2025,188,22.3,8.5,"0.500","7","13","4","23","53","9","12","82",23.2,28.7,3.1,31,"97.650525968","92.838836452",24.7,48.3
"Canario, Alexander",672744,2025,234,34.2,7.3,"0.612","5","18","12","25","44","12","8","166",59.4,35.8,12.4,43.8,"101.464192464","94.871333139",39,53.4
"Paredes, Isaac",670623,2025,438,17.4,11.4,"0.810","10","20","35","63","73","36","35","111",9.4,37.2,6.3,33.6,"97.968035894","93.068434007",16.4,40.9
"Vázquez, Luis",676679,2025,53,26.4,5.7,"0.448","0","3","2","7","16","4","1","32",31.9,38.9,11.1,44.4,"100.387227059","94.647829412",34.6,54.7
"Alvarez, Yordan",670541,2025,199,16.6,14.1,"0.797","1","13","8","36","34","13","9","70",63,42.8,13.8,52.9,"104.636630145","97.124242246",22.4,44
"Walker, Christian",572233,2025,640,27.7,6.3,"0.718","10","43","35","86","111","38","36","364",41.8,34.5,12.9,46.1,"102.499785971","95.668558155",30.5,52.2
"Newman, Kevin",621028,2025,116,19.8,0.9,"0.481","5","11","3","17","37","11","4","29",2.6,28.3,2.2,29.3,"95.824514565","91.955249121",17,52.4
"Robertson, Will",683770,2025,75,36,2.7,"0.316","1","1","1","9","12","4","9","43",48,31.8,9.1,31.8,"96.081497727","92.111820455",35.7,53.8
"Cowser, Colton",681297,2025,360,35.6,7.5,"0.654","5","19","21","45","71","12","7","198",33.5,32.7,14.1,46,"101.565652323","95.12341401",34.6,42.4
"Mayo, Coby",691723,2025,294,28.6,9.2,"0.687","2","15","18","39","49","10","24","141",47.9,33,10.1,36,"99.691533371","93.857359663",30.6,45.3
"Carpenter, Kerry",681481,2025,464,22.8,3.9,"0.788","3","24","34","75","84","27","31","199",18.2,37.4,12.5,46.8,"101.150892761","95.204968523",26.2,52.9
"Kwan, Steven",680757,2025,693,8.7,7.9,"0.704","3","58","21","129","167","72","33","87",0.8,39.7,1.9,19.3,"94.357794321","91.185631109",8.7,41.9
"Acosta, Maximo",691185,2025,61,27.9,9.8,"0.684","0","5","4","9","13","3","1","22",3.7,37.8,13.5,56.8,"101.57518","95.931934054",29.5,38.2
"Lukes, Nathan",664770,2025,438,13.7,8.7,"0.730","12","33","23","56","125","33","23","93",5.3,30.8,4.7,36.8,"98.257499018","93.258371015",14,48.9
"Lockridge, Brandon",663604,2025,148,24.3,5.4,"0.575","2","16","2","18","44","7","2","59",17.3,26.2,2.9,32,"97.779298571","92.981448673",24.9,53.5
"Mervis, Matt",670223,2025,134,37.3,8.2,"0.637","1","6","8","17","20","2","10","96",36.6,26.8,8.5,38,"99.912860833","94.214077324",39.9,54.7
"Pauley, Graham",688363,2025,184,19.6,11.4,"0.677","1","11","5","28","38","11","14","73",6,33.9,5.5,35.4,"97.950822063","92.977433016",26.9,47.6
"Robles, Victor",645302,2025,114,22.8,2.6,"0.611","3","12","5","17","29","6","4","54",1.5,28,4.9,23.2,"94.92896125","91.626172785",25.9,60.8
"Schneemann, Daniel",682177,2025,422,27.7,9,"0.637","4","28","19","51","96","23","16","190",12,32.6,11.4,41.7,"99.967612231","94.233244324",29.6,45.4
"Lile, Daylen",695734,2025,351,16,6,"0.845","5","25","17","49","73","33","18","100",3.2,44.2,5.2,40.1,"99.156241493","93.671687761",18.9,52.2
"Teodosio, Bryce",669326,2025,150,31.3,3.3,"0.552","2","11","5","16","33","8","8","107",4.3,23.4,4.3,26.6,"96.560468889","92.308938778",37.3,62.8
"Slater, Austin",596103,2025,160,31.9,6.9,"0.642","6","8","8","19","39","8","0","71",7,41.8,14.3,48,"102.50208234","95.83755734",27.1,49.8
"Contreras, William",661388,2025,659,18.2,12.7,"0.754","14","56","20","78","172","34","18","251",34.9,31.6,6.4,48.5,"102.570622124","95.839705166",24.2,46.5
"Winker, Jesse",608385,2025,81,25.9,11.1,"0.709","1","5","4","6","14","4","11","29",16.1,29.4,7.8,45.1,"101.052788462","94.994217843",22.4,45.1
"Campbell, Kristian",692225,2025,263,27.4,11,"0.664","1","22","6","23","64","14","5","114",39,30.4,5.1,41.8,"100.531882308","94.411397756",27.3,42.1
"Rivera, Emmanuel",656896,2025,127,18.9,4.7,"0.574","3","10","2","21","30","12","3","67",3.2,38.5,1,32.3,"96.802193333","92.451264479",28.7,52.7
"Pham, Tommy",502054,2025,449,20.9,11.1,"0.700","12","42","15","45","113","30","18","143",32.8,32.7,6.6,47.2,"102.224109934","95.517309701",22.9,42.7
"Tena, José",677588,2025,169,21.9,8.9,"0.669","4","15","3","14","54","10","0","55",15.5,34.5,5.2,40.5,"99.054484464","93.921000268",22,45
"Johnson, Daniel",669288,2025,57,22.8,7,"0.548","0","3","3","6","15","3","5","34",25,30,12.5,42.5,"101.561793","94.954765641",33,50.5
"Polanco, Jorge",593871,2025,524,15.6,8,"0.821","7","37","27","87","114","28","42","194",14.8,34.3,10.3,45.8,"101.532444745","95.138197245",23.3,46.3
"Burger, Jake",669394,2025,376,24.7,3.2,"0.688","3","32","17","59","73","24","23","202",50,33.5,13.9,48.5,"103.175129323","95.834832632",29.2,55.1
"Schanuel, Nolan",694384,2025,564,12.6,10.5,"0.742","10","43","22","84","139","48","22","129",6.1,38,4.5,29,"96.61346119","92.362165704",15,45.2
"Scott II, Victor",687363,2025,463,24,9.1,"0.601","3","28","12","63","104","26","21","185",6,36,3.7,26,"96.84561594","92.427137782",26.9,49.1
"Mayer, Marcelo",691785,2025,136,30.1,5.9,"0.674","2","6","8","15","36","5","2","68",40.4,35.6,9.2,51.7,"100.981297955","95.035314253",28.6,50.8
"Edwards, Xavier",669364,2025,619,14.2,7.9,"0.696","6","72","15","82","164","54","18","112",2.4,33.6,0.8,29.4,"96.768424561","92.424991053",12.2,49
"Sánchez, Jesús",660821,2025,497,22.1,8.5,"0.699","10","45","17","59","121","34","22","222",58.6,30.3,11.1,43.4,"102.78171462","95.681017749",25.9,49.2
"Norby, Connor",681393,2025,337,26.7,5.3,"0.689","3","19","19","50","68","16","11","181",6.8,42,9.4,37.1,"98.764348839","93.549892377",29.3,54.2
"Kirk, Alejandro",672386,2025,506,11.7,9.5,"0.769","16","44","26","75","132","39","25","143",28.6,34.4,10.1,50.8,"102.169605025","95.726454811",18.5,47.2
"Santana, Carlos",467793,2025,474,19.2,11,"0.633","7","33","17","69","100","30","37","189",17.1,31.1,4.9,37.8,"99.228050732","93.64377436",24.3,45
"Adell, Jo",666176,2025,573,26.4,5.8,"0.778","10","32","39","73","111","35","33","295",73.4,35.1,17.3,50,"104.215712606","96.547484587",28.5,52.6
"Pozo, Yohel",650968,2025,168,13.1,4.2,"0.637","4","9","7","18","45","14","25","65",9.4,29.5,2.2,35.3,"98.211883478","93.14336927",19.8,60.7
"Yelich, Christian",592885,2025,644,25.9,9.9,"0.795","6","57","35","35","174","34","12","294",35.6,31.2,10.3,46.4,"102.370284187","95.465991975",29.2,45.7
"Mangum, Jake",663968,2025,428,15,4.4,"0.698","4","74","7","42","138","30","11","140",5.4,26.5,2.6,33.4,"97.795184639","92.979726627",18.9,62.1
"Koss, Christian",683766,2025,191,23.6,4.7,"0.677","4","17","6","21","52","8","6","89",6,33.6,6,33.6,"99.009245077","93.592311395",31.6,55
"Millas, Drew",686452,2025,55,12.7,7.3,"0.807","0","5","1","6","16","4","2","17",4.9,32.6,2.3,23.3,"95.710318571","91.855159286",19.4,46.9
"Maton, Nick",665155,2025,63,30.2,14.3,"0.601","0","0","3","12","7","2","5","41",10.7,22.9,5.7,37.1,"98.372717222","93.408373143",40.5,46.4
"Johnson, Bryce",669369,2025,84,22.6,3.6,"0.817","1","9","2","6","22","5","1","31",10.3,45,5,33.3,"98.348224231","93.548018627",25.7,48.8
"Jackson, Jeremiah",669236,2025,183,27.3,6,"0.775","6","21","10","23","39","5","6","112",21,27.5,7.5,46.7,"101.013917833","94.970572521",33.2,52.8
"Altuve, Jose",514888,2025,654,16.7,8.4,"0.771","20","61","33","89","149","34","56","190",10.9,29.8,6.2,30.9,"97.313797857","92.666821705",20.7,50
"Schuemann, Max",680474,2025,213,16.4,10.3,"0.568","6","13","4","32","56","18","10","88",2.8,34.9,2.6,32.9,"97.241612703","92.809173741",24.4,45.5
"Elko, Tim",671284,2025,72,41.7,6.9,"0.522","1","3","4","6","19","0","3","38",45.3,16.2,10.8,48.6,"103.514651579","96.093476757",31.5,50.4
"Lee, Jung Hoo",808982,2025,617,11.5,7.6,"0.734","2","52","22","101","182","41","18","115",2.7,34.1,3.7,32,"97.154749061","92.638543988",13.1,44.7
"McCutchen, Andrew",457705,2025,551,21.4,12.2,"0.700","12","35","24","74","118","27","29","247",12.1,34.5,8.3,42.5,"100.124243278","94.328514568",26.2,45.6
"Berti, Jon",542932,2025,107,20.6,4.7,"0.492","1","11","0","6","37","12","2","40",21.8,30.8,2.6,37.2,"99.086163333","93.621396104",26.3,47.6
"Bride, Jonah",681146,2025,125,31.2,8.8,"0.436","1","8","2","11","28","5","11","42",4,28.4,2.7,28.4,"96.765093784","92.515973243",24.9,33.3
"Suárez, Eugenio",553993,2025,657,29.8,7,"0.824","11","28","59","104","100","27","34","391",26.5,32.8,14.3,47.6,"101.4773033","95.099828471",33.3,50.4
"Taylor, Tyrone",621438,2025,341,22.3,4.7,"0.598","4","16","8","47","63","29","31","117",9.9,40.6,3.8,35.1,"98.271444237","93.188807331",22.7,49.1
"De La Cruz, Bryan",650559,2025,50,36,6,"0.453","1","3","2","8","8","3","1","26",18.2,44.8,6.9,51.7,"101.415012","95.216104483",34,54.2
"Crow-Armstrong, Pete",691718,2025,647,24,4.5,"0.768","1","36","48","113","116","35","41","339",28.4,33.9,13,41.6,"100.676597945","94.609790365",28.9,60.1
"Jansen, Danny",643376,2025,337,25.5,12.5,"0.720","5","13","20","46","45","15","36","117",5.9,35.6,8.8,39,"98.68086","93.598515665",24,43.2
"Freeland, Alex",690976,2025,97,36.1,11.3,"0.602","3","6","4","10","13","4","7","45",12.9,32,8,38,"98.387745","93.686567447",30.5,38.2
"Naylor, Josh",647304,2025,604,13.7,7.9,"0.815","17","55","38","83","158","36","24","213",17.8,30.8,6.7,41.9,"100.123963879","94.317973693",22.1,53.9
"Wallner, Matt",670242,2025,392,29.1,11.7,"0.775","3","15","31","44","62","20","30","254",68.5,33.9,13.8,45.5,"102.7851575","95.761244395",35.5,50.5
"Toglia, Michael",669911,2025,337,39.2,8.3,"0.611","7","11","16","34","53","19","10","225",22.7,38.1,10.2,43.2,"100.796186437","94.757682428",37.3,48.9
"Pagés, Pedro",686780,2025,389,27.5,4.9,"0.635","9","25","18","49","87","20","21","179",27.3,32.7,7.3,36.5,"99.396807402","93.764663583",27.7,51.7
"Caglianone, Jac",695506,2025,232,22.4,7.8,"0.532","4","13","6","26","67","24","8","107",72.6,29.7,12,42.4,"102.891404557","95.64711057",26.8,51.3
"Giménez, Andrés",665926,2025,369,17.9,6.8,"0.598","8","19","14","52","97","34","15","145",7.1,32.6,3,27.7,"96.602269237","92.349003755",23.8,51.9
"Donovan, Brendan",680977,2025,515,13,8.2,"0.775","4","41","17","72","131","39","25","96",4.8,40.1,8.8,40.9,"99.946562944","94.337995152",13.4,43.8
"Ortiz, Joey",687401,2025,506,14.6,5.3,"0.593","10","51","14","61","132","46","54","118",24.4,27.4,3,32.8,"97.991058051","93.026599357",16,46.8
"Moncada, Yoán",660162,2025,289,26,11.1,"0.784","4","16","17","42","48","17","9","140",38.3,37.1,14.3,43.4,"101.202542614","94.864336514",31.4,44.9
"Tolbert, Tyler",686475,2025,57,19.3,1.8,"0.701","1","5","1","10","10","6","2","24",5.6,40.5,2.4,38.1,"98.134727","93.317394",26.2,56.6
"Hayes, Ke'Bryan",663647,2025,570,19.5,6.3,"0.596","12","51","13","64","154","41","34","159",11.8,30.6,4.5,42.5,"99.789439561","94.118686822",19.9,44.1
"Lindor, Francisco",596019,2025,732,17.9,8.9,"0.812","9","54","39","104","149","48","44","251",16.4,34.6,8.8,44.4,"100.756425331","94.874794717",20.8,47.7
"Joe, Connor",656582,2025,80,25,8.8,"0.506","2","4","1","12","16","7","3","25",23.3,38.5,5.8,36.5,"99.612808846","94.084837843",20.7,40.4
"McCann, James",543510,2025,137,24.1,5.8,"0.755","3","11","8","16","34","8","2","70",19.3,30.4,7.6,52.2,"102.050401522","95.553805275",30.2,49.7
"Walker, Jordan",691023,2025,396,31.8,7.3,"0.584","9","38","10","43","75","21","20","249",77.8,29,10.9,50,"104.361880756","96.653513613",35.6,49.4
"Riley, Austin",663586,2025,447,28.6,6,"0.737","9","31","25","70","69","24","18","240",60.5,37,15.2,50.2,"104.205844276","96.625096678",29.5,51
"Ruiz, Keibert",660688,2025,267,9.7,3,"0.595","4","19","6","41","93","15","17","48",1,31.3,2.2,30.9,"96.142920957","92.090094629",12.8,52.8
"Haggerty, Sam",664059,2025,182,20.3,8.8,"0.698","1","16","5","17","48","14","6","74",22.4,34.9,2.4,42.1,"99.873902459","94.182853197",26.3,50.2
"Machado, Manny",592518,2025,678,19.3,8.1,"0.795","16","46","37","106","144","34","33","312",43,34.8,12.9,51.5,"103.43453","96.416401779",26.1,50
"Garcia, Maikel",672580,2025,666,12.6,9.3,"0.800","14","65","22","90","168","58","33","128",17.1,34.5,5.6,45.1,"101.342001641","95.068685362",15,40.1
"Mead, Curtis",678554,2025,264,23.9,5.7,"0.620","9","20","6","48","47","12","14","82",37.2,33.7,4.5,34.8,"98.795073295","93.488545114",21.1,48
"Pasquantino, Vinnie",686469,2025,682,15.7,7.2,"0.798","14","45","42","112","153","48","40","184",26.5,33.5,10.8,44.7,"101.339574109","95.022747112",18.2,48
"Kayfus, C.J.",692216,2025,138,27.5,8,"0.707","0","6","6","22","28","8","1","77",13.3,41.4,9.2,36.8,"99.494627442","93.95327186",35.7,53.3
"Nimmo, Brandon",607043,2025,652,21.6,7.7,"0.760","8","60","30","77","149","42","31","258",26.5,29.7,8.8,50.2,"102.56356141","95.897196556",23.8,47.2
"Marchán, Rafael",665561,2025,118,14.4,8.5,"0.587","1","6","2","17","41","2","8","38",0,26.7,2.2,22.2,"94.982321111","91.630902584",22.8,44.9
"Ballesteros, Moisés",694208,2025,66,18.2,13.6,"0.868","2","7","2","4","21","3","0","25",29.9,31.1,6.7,33.3,"99.939276087","94.363866444",26.7,46.6
"Hoskins, Rhys",656555,2025,328,27.7,11.6,"0.748","6","17","17","48","41","16","21","136",15.2,39.7,10.3,46.4,"100.047500722","94.368500412",27.6,40.4
"Hernández, Teoscar",606192,2025,546,24.5,4.8,"0.738","13","37","32","74","136","31","15","309",31.1,34,11.5,46.1,"101.752887801","95.144195209",31.9,50.4
"O'Hoppe, Logan",681351,2025,451,30.8,5.3,"0.629","12","26","23","62","89","26","19","264",20.4,33.6,13.3,46.9,"101.727337413","95.336562491",32.9,52.2
"MacIver, Willie",680862,2025,111,24.3,6.3,"0.576","1","4","4","13","33","6","3","45",5.2,28,4,37.3,"98.324076053","93.2848816",27.2,54.9
"Amaya, Miguel",665804,2025,103,21.4,3.9,"0.814","0","6","9","15","22","6","6","44",22.2,38.2,6.6,32.9,"97.858989737","93.0655964",26,54
"Canzone, Dominic",686527,2025,269,21.9,7.4,"0.839","6","27","11","33","55","17","6","120",36.6,37.4,14.4,49.7,"102.981015914","96.069596505",26.4,51.6
"Adames, Willy",642715,2025,686,26.1,11.7,"0.739","9","29","41","112","105","29","40","347",19.8,35.6,12.6,42.8,"99.897786476","94.18327716",29.2,46.7
"Williams, Carson",700246,2025,106,41.5,5.7,"0.573","3","8","6","8","25","4","2","72",32.6,30.4,8.9,35.7,"97.9481525","93.165114909",38.3,49.6
"O'Neill, Tyler",641933,2025,209,24.4,10.5,"0.684","2","7","13","37","35","9","15","104",34.6,34.6,16.5,39.1,"100.510865075","94.485570376",31.4,47.4
"Andujar, Miguel",609280,2025,341,14.4,5,"0.822","8","41","16","44","87","19","21","96",18.4,31.8,4.7,35.4,"98.982146397","93.528504007",17.8,53.5
"Fermin, Freddy",666023,2025,347,18.7,5.5,"0.636","5","38","11","53","88","21","19","154",5.3,28.7,4.2,34.1,"98.499082764","93.418854228",23.5,53.3
"Higashioka, Kyle",543309,2025,327,22,6.1,"0.694","5","16","16","54","68","18","19","111",9.6,39.1,8.6,39.1,"99.057726983","93.733033983",21.9,45
"Beck, Jordan",687597,2025,588,29.6,7.3,"0.733","9","46","27","70","108","30","18","306",32.9,36.9,9.6,38.5,"100.308269611","94.26308585",31.2,47.4
"Cole Jr., Zach",805904,2025,52,38.5,9.6,"0.880","0","6","5","4","8","2","1","39",50.6,33.3,14.8,48.1,"104.956450769","96.693444615",42,44.6
"Dezenzo, Zach",701305,2025,109,33.9,10.1,"0.688","2","7","4","14","15","5","3","62",29.1,42.6,16.4,41,"100.586424839","94.450580984",33.5,44.2
"Westburg, Jordan",676059,2025,352,22.7,4.8,"0.770","5","34","20","56","74","13","19","172",11.8,30.1,11.2,43.4,"101.28897176","94.91639",29.4,50.2
"Dubón, Mauricio",643289,2025,398,10.6,6,"0.644","12","31","16","70","110","27","35","96",2.7,31.7,1.2,26.3,"95.584607","91.821087031",15.8,54.2
"Hedges, Austin",595978,2025,180,23.9,10,"0.527","2","3","5","28","35","9","21","95",15.3,30.5,3.4,32.2,"98.538487857","93.387313929",30.3,51.7
"Caminero, Junior",691406,2025,653,19.1,6.3,"0.846","31","57","45","80","169","32","38","276",81.3,27.7,14,51.4,"104.467588678","96.871000041",24.7,50.4
"Duran, Ezequiel",677649,2025,219,25.1,3.7,"0.559","3","20","4","23","42","16","25","92",17.2,30.3,2.6,30.9,"97.791035753","92.897366027",24.4,54.3
"Dingler, Dillon",693307,2025,469,23.5,4.9,"0.752","5","27","24","62","91","28","23","187",14.6,42.3,9.2,45.7,"101.112198405","94.948132515",24.8,48.5
"Haase, Eric",606992,2025,77,40.3,5.2,"0.646","1","3","6","4","17","1","2","54",12.9,30,10,22.5,"95.763671","92.169992051",36.7,46.9
"Meadows, Parker",678009,2025,213,26.3,9.9,"0.621","0","12","5","18","48","16","12","96",6.1,36,5.1,30.9,"97.783717273","92.930370153",28.8,44.5
"Carroll, Corbin",682998,2025,642,23.8,10.4,"0.884","6","37","45","88","111","30","39","263",45.6,33.5,14.5,49.9,"103.729438309","96.452659346",24.8,48.8
"Mateo, Jorge",622761,2025,83,36.1,4.8,"0.483","1","6","4","10","17","4","4","49",18.3,20.4,4.1,36.7,"97.8277768","93.070715306",31.8,52.4
"Lugo, Matthew",683090,2025,70,34.3,0,"0.707","3","6","5","5","18","3","3","42",35.2,33.3,13.3,42.2,"100.425752174","94.652896667",37.6,51.7
"Martin, Austin",668885,2025,181,17.1,12.2,"0.739","6","16","5","16","50","10","7","49",4.9,35.4,5.5,38.6,"99.170504355","93.642009597",17.4,40.6
"Semien, Marcus",543760,2025,534,17.4,9.4,"0.669","8","32","22","107","101","33","35","203",5.3,35.8,6.7,35,"98.284177358","93.274231455",22.6,49
"Mitchell, Garrett",669003,2025,78,32.1,9,"0.580","0","5","2","7","17","4","3","38",70.3,28.9,6.7,42.2,"101.702092273","95.23852186",30.9,44.9
"Barger, Addison",680718,2025,502,24.1,7.2,"0.755","8","35","27","51","110","34","32","214",62.6,35.5,11.4,51,"103.716694386","96.41637173",26.1,49.2
"Rave, John",670231,2025,175,26.3,10.3,"0.590","1","12","3","24","48","4","4","62",37.6,25.5,5.5,40,"100.331691373","94.211258235",24.2,42.5
"Rodríguez, Julio",677594,2025,710,21.4,6.2,"0.798","15","68","42","87","174","41","25","352",64,31.5,9.8,48,"103.7115726","96.24062626",28.2,55.4
"Thaiss, Matt",642136,2025,190,24.2,15.3,"0.637","2","13","3","24","36","9","9","90",23,27.7,4.5,42.9,"99.981091636","94.296854587",28.9,48.2
"Carter, Evan",694497,2025,220,18.6,8.6,"0.728","2","10","8","28","49","13","14","83",8.3,34,5.9,34.6,"98.081147895","93.040980197",25.5,44.3
"McCarthy, Jake",664983,2025,222,18,4.5,"0.592","2","12","11","26","83","10","9","73",7.8,28.2,5.3,27.6,"96.21972175","92.14488327",21.1,49.4
"Abrams, CJ",682928,2025,635,19.7,5.8,"0.748","5","43","28","101","141","31","36","249",25.5,34.4,7.6,39.2,"99.528390349","93.868025131",24.4,50.6
"Ramos, Heliot",671218,2025,695,22.7,7.5,"0.728","16","61","27","92","147","41","25","270",44.7,32.5,8.8,47.4,"102.515755862","95.752323082",25.3,47.8
"Del Castillo, Adrian",680728,2025,131,35.9,6.1,"0.682","2","8","8","20","16","6","4","74",20.4,38.7,6.7,49.3,"100.452753158","94.823214533",33.7,46.5
"Pereda, Jhonny",640902,2025,78,26.9,10.3,"0.658","1","11","1","5","18","5","4","38",14.9,26.5,4.1,44.9,"100.866635417","94.433317708",30,42
"Hill, Derek",656537,2025,149,32.2,6,"0.609","3","12","3","12","32","14","2","93",23.2,38.2,11.2,49.4,"102.004252619","95.738407229",33.5,53.5
"García, Luis",671277,2025,526,16,5.1,"0.701","7","30","25","76","158","29","23","175",28,33.7,9,45.8,"100.772844709","94.823697591",21.7,53.9
"Rogers, Jake",668670,2025,142,27.5,10.6,"0.610","3","3","8","13","34","6","10","56",5,36.8,9.2,40.2,"98.986049302","93.778180233",26.7,44
"Keaschall, Luke",807712,2025,207,14,9.2,"0.827","4","22","9","26","49","15","8","54",2.2,38.3,5.2,31.2,"97.107228701","92.654308562",18.5,42
"Hays, Austin",669720,2025,416,25.7,7,"0.768","9","30","25","54","86","20","16","229",19.8,31.9,10.4,38.4,"99.434684493","93.863333745",31.4,52
"Contreras, Willson",575929,2025,563,25.2,7.8,"0.791","15","36","29","70","112","30","15","259",62.1,37.1,13.9,49,"103.153936457","96.033080457",28.9,48.5
"Matos, Luis",682641,2025,184,14.7,6,"0.690","5","15","10","27","53","12","16","58",22.6,33.6,7.5,37.7,"98.432457397","93.368412329",20.1,51.4
"Fermín, José",665877,2025,70,14.3,11.4,"0.794","0","4","3","10","16","5","3","14",4.7,35.3,0,29.4,"96.5928275","92.389810213",15.2,38.7
"Vientos, Mark",668901,2025,463,24.8,6.5,"0.702","11","17","25","60","113","21","20","261",14.8,33.5,11.5,50.5,"101.904334459","95.670780607",32.5,51.9
"Conforto, Michael",624424,2025,486,24.9,11.5,"0.638","12","23","19","71","103","25","17","206",43,34.3,9.7,44,"100.8879832","94.86054311",24.9,45.1
"Gonzales, Nick",693304,2025,408,17.9,5.1,"0.661","12","41","13","58","104","33","17","177",13.4,31.7,4.5,38.8,"99.501335385","94.022817942",24.7,57.4
"Jackson, Alex",656577,2025,100,37,5,"0.763","2","4","7","10","16","4","4","65",61.7,40.7,14.8,40.7,"102.546793333","95.380737963",38.9,50.9
"Tovar, Ezequiel",678662,2025,390,25.1,5.4,"0.694","2","20","21","53","76","35","14","242",19.1,43.7,9.3,38.9,"100.45095771","94.346705534",31.4,60.7
"Espinal, Santiago",669289,2025,328,11.6,6.4,"0.574","11","37","4","59","80","32","24","72",2,31.3,0.7,25.7,"95.861426183","91.96218977",14.1,45.2
"Jones, Jahmai",663330,2025,150,21.3,12,"0.937","3","10","8","16","21","9","14","60",37.6,38.1,13.4,53.6,"103.078442292","96.185267813",26,45.2
"Pederson, Joc",592626,2025,306,21.2,11.1,"0.613","5","14","13","46","68","19","20","118",33.2,28.4,9.5,44.8,"101.983993535","95.469649596",25.2,44.3
"Winn, Masyn",691026,2025,537,19,6.3,"0.673","11","47","13","83","107","38","41","151",17.3,31.3,4.8,34.6,"98.797379897","93.446512558",19.6,45.3
"Taylor, Chris",621035,2025,125,33.6,4,"0.557","1","4","4","15","21","9","6","87",4.7,38.9,6.9,36.1,"97.662010278","92.902285634",38.6,51.8
"Pages, Andy",681624,2025,624,21.6,4.6,"0.774","9","43","40","107","117","47","22","240",21.4,38.9,8.4,37.2,"99.313461778","93.746068218",21.5,53.1
"Kiner-Falefa, Isiah",643396,2025,459,16.8,3.7,"0.631","9","49","6","34","160","29","23","88",1.2,29.7,1.4,27.5,"95.949940457","91.999728395",15.1,49.1
"Marte, Ketel",606466,2025,556,14.9,11.5,"0.893","12","34","40","73","129","24","37","175",45.5,33,13.5,47,"102.65931603","95.815528287",22.5,45.3
"Short, Zack",670097,2025,56,32.1,7.1,"0.671","0","5","2","8","9","1","4","24",3.5,18.2,3,39.4,"98.439797333","93.533943333",29.4,40.5
"Ohtani, Shohei",660271,2025,727,25.7,15,"1.014","9","49","63","89","120","30","15","392",61.7,35.9,23.5,58.7,"106.128459531","98.278411082",33.4,45
"Díaz, Yandy",650490,2025,651,14.1,8.8,"0.848","12","75","30","69","193","38","18","169",35.4,29.2,8.3,52.5,"104.837007886","97.11235376",17.9,44.4
"Fortes, Nick",663743,2025,242,19.4,5.8,"0.645","7","21","9","28","59","15","21","69",19.4,29.9,4.6,37.9,"99.24272869","93.641201726",18.9,47.5
"Arcia, Orlando",606115,2025,214,22,4.7,"0.529","4","15","5","28","63","15","9","87",15.1,26.1,2.5,33.8,"98.674542078","93.369533182",24.8,54
"France, Ty",664034,2025,490,16.9,4.5,"0.680","11","33","20","68","137","32","12","178",14.7,35.2,7.7,44.2,"100.76941467","94.788930523",21.3,51.8
"Palacios, Joshua",641943,2025,145,24.8,8.3,"0.597","0","9","3","15","35","7","10","65",22.8,29,8.6,39.8,"101.061781778","94.71795191",27.8,51.6
"Mountcastle, Ryan",663624,2025,357,27.5,4.2,"0.653","10","31","8","47","79","20","8","212",52.6,37.5,11.7,47.1,"101.733937167","95.313543167",32,57.5
"Teel, Kyle",691019,2025,297,25.9,12.5,"0.786","1","17","16","37","49","16","7","138",10.2,47.8,9.6,37.6,"99.256241023","93.683455455",29.1,44.6
"Waters, Drew",671221,2025,219,27.4,5,"0.604","2","18","6","31","51","9","4","119",17.8,35.6,4.1,28.8,"97.434472083","92.746290972",30.3,56.5
"Bregman, Alex",608324,2025,495,14.1,10.3,"0.822","12","41","27","70","101","35","41","99",9,32.9,6.6,44.4,"99.354701257","94.200430932",15,40.6
"Bruján, Vidal",660644,2025,95,22.1,6.3,"0.615","1","8","3","11","23","7","4","36",3.9,35.8,0,37.3,"97.437229697","92.921739545",23.4,53.3
"Sánchez, Gary",596142,2025,101,26.7,4,"0.715","2","6","5","15","21","0","8","39",33.8,24.6,10.8,57.8,"103.08155625","96.651706563",26.7,42.4
"Mullins II, Cedric",656775,2025,498,24.1,10,"0.690","2","26","23","80","79","29","40","208",11,32.7,6.2,35.9,"98.760333806","93.525071065",23.1,48.3
"Soto, Juan",665742,2025,715,19.2,17.8,"0.921","17","46","42","81","156","28","29","205",40.9,32.9,18.1,55.3,"104.539509412","97.232619389",22.4,35.5
"Wood, James",695578,2025,689,32.1,12.3,"0.825","12","46","32","49","143","29","4","350",62.7,36.3,16.3,56.3,"106.446259788","98.230447241",32.9,40.2
"Lewis, Royce",668904,2025,403,19.9,6.2,"0.671","7","33","21","76","76","29","28","175",39.7,33.2,8.7,40.3,"100.418670671","94.408310906",26.7,51
"Swanson, Dansby",621020,2025,645,26,7.3,"0.717","9","44","35","82","137","40","25","357",5.6,36.9,11.7,47.8,"101.168222972","95.031771415",30.5,50.3
"Castro, Willi",650489,2025,454,24.4,8.8,"0.679","12","27","18","60","93","31","17","225",21.1,36.6,6.5,37.3,"99.398738493","93.724594674",28.2,52.4
"Young, Jacob",696285,2025,364,17.9,7.4,"0.583","7","37","6","34","115","33","12","81",1.6,27.9,1.9,34.2,"98.260470403","93.325113441",17.4,43.7
"Amador, Adael",691182,2025,128,21.1,8.6,"0.521","2","6","4","21","30","10","7","35",12.1,30.3,3.4,24.7,"96.266382195","92.139779878",20.7,47.2
"Vázquez, Christian",543877,2025,214,16.4,8.4,"0.545","3","11","5","37","48","18","16","53",2.2,35.7,3.8,27.4,"95.863345443","91.971705669",16.9,42.7
"Saggese, Thomas",695336,2025,295,28.1,5.4,"0.641","5","23","11","40","57","18","9","128",6,39,5.6,44.1,"99.925035361","94.561153679",26.5,50.3
"Rutschman, Adley",668939,2025,365,15.6,11,"0.673","8","23","13","62","93","26","15","77",12.1,33.7,7.5,38.6,"99.370985821","93.966094082",14.5,40.6
"Collins, Isaac",686555,2025,441,21.1,12.9,"0.779","8","34","15","52","91","23","20","151",22.5,34.4,4.9,38.9,"99.896805357","94.13021853",22.5,43.1
"Butler, Lawrence",671732,2025,630,28.4,9.4,"0.710","7","46","28","61","137","41","20","346",39.3,34.4,9.2,44.4,"102.147176546","95.442891289",32.9,47
"Rengifo, Luis",650859,2025,541,19.2,6.1,"0.622","7","47","17","57","156","46","23","196",7.3,34.7,5,32.7,"97.798023081","92.967555404",21.9,51.6
"Goldschmidt, Paul",502671,2025,534,18.7,6.7,"0.731","8","39","23","93","113","29","22","179",21.9,36.1,7.9,43.7,"100.708316256","94.748625913",20.5,47.8
"Anthony, Roman",701350,2025,303,27.7,13.2,"0.859","2","26","15","25","62","8","4","134",52.5,37.4,15.5,60.3,"103.89544954","97.546625838",29.8,37.4
"Freeman, Freddie",518692,2025,627,20.4,9.6,"0.869","13","52","36","90","128","35","16","311",8.4,36.7,10.4,45.7,"100.776056343","94.869970093",27.3,51.9
"Sogard, Nick",686765,2025,104,23.1,4.8,"0.661","3","6","7","14","25","6","2","28",1.4,36.1,5.6,34.7,"97.3260325","92.700836944",20,42.5
"Isbel, Kyle",664728,2025,409,18.1,5.6,"0.654","7","43","11","43","119","25","28","101",9.2,26.5,1.6,36.1,"99.661835734","93.907481368",18.2,46.5
"Fraley, Jake",641584,2025,217,22.6,11.5,"0.714","1","11","6","31","38","14","13","84",16.2,39.4,4.9,34.5,"98.280407465","93.180021915",24.2,47
"Manzardo, Kyle",700932,2025,531,25.4,9,"0.768","7","21","34","86","82","29","33","221",8,37.1,11.8,43.8,"100.114470588","94.531639086",27.7,48.4
"Santander, Anthony",623993,2025,221,27.6,11.3,"0.565","6","12","7","27","38","16","18","93",20.9,27.6,4.5,41,"100.252058507","94.331401567",24.5,48.5
"Meidroth, Chase",805367,2025,505,14.3,8.9,"0.649","14","57","10","60","149","37","22","86",1.6,26.2,1.6,36.1,"97.686781436","92.976040347",13,38.6
"Heyward, Jason",518792,2025,95,21.1,6.3,"0.494","1","6","4","17","25","3","8","36",20.6,22.1,4.4,33.8,"98.149889118","93.15069",26.7,46.4
"Roden, Alan",702176,2025,153,24.2,5.2,"0.555","0","11","4","14","49","4","9","54",12.5,20.6,2,30.4,"97.826416863","92.978674653",23.8,47.2
"Candelario, Jeimer",600869,2025,91,31.9,9.9,"0.410","1","4","2","13","23","4","3","52",10.4,20.8,7.5,28.3,"96.216884815","92.187747736",32.3,49.6
"Steer, Spencer",668715,2025,568,22.7,9,"0.723","12","36","29","87","99","34","39","245",7.1,34.2,7.6,33.2,"97.843391958","93.000497056",25,48
"Marte, Starling",516782,2025,329,20.7,6.7,"0.745","7","29","16","35","83","17","13","140",33.2,32.6,7.8,40.4,"100.870151441","94.586623167",26.4,49.7
"Bailey, Patrick",672275,2025,452,29.4,6.6,"0.602","7","28","19","66","82","25","21","206",15.8,35.3,5.6,36.4,"98.882488071","93.543761039",28.6,49.4
"Mastrobuoni, Miles",670156,2025,175,16.6,9.7,"0.620","2","11","2","25","55","9","2","39",1.8,33.3,2.3,36.4,"97.996020645","93.315767967",16.1,39.9
"Knizner, Andrew",668800,2025,88,11.4,8,"0.598","0","8","1","15","24","5","7","24",7.4,23.2,1.4,23.2,"94.789412941","91.601198971",19.9,48.6
"Harris II, Michael",671739,2025,641,20,2.5,"0.677","7","57","30","75","193","43","28","245",40.7,29.6,9.1,43.4,"103.013806132","95.674311175",24.4,57
"Wagaman, Eric",676572,2025,514,19.5,6.2,"0.674","11","36","17","76","132","31","22","189",36.6,34.4,6.8,46.5,"102.304067053","95.484613553",24.2,45.2
"Rodríguez, Johnathan",671286,2025,77,28.6,7.8,"0.626","2","4","2","5","25","4","1","47",67.5,28.6,6.1,55.1,"103.9406876","96.875623061",37.7,44.1
"Hummel, Cooper",669450,2025,105,29.5,13.3,"0.571","1","7","3","13","22","4","4","55",21.2,31,12.1,37.9,"100.34355","94.891784737",32.4,41.8
"Acuña, Luisangel",682668,2025,193,19.2,6.7,"0.567","6","21","2","23","58","14","5","62",17.5,29.8,1.4,35.5,"99.435407273","93.76929803",22.3,49.1
"Ramírez, José",608070,2025,673,11,9.8,"0.863","9","40","35","122","135","42","57","159",16.2,36.4,7,37,"99.107451103","93.765336362",14.9,46.8
"Peraza, Oswald",672724,2025,265,30.2,6.4,"0.473","6","15","4","28","70","11","13","156",33.6,29.7,6.7,38.8,"100.200491975","94.259031543",33.3,52.9
"Church, Nathan",701675,2025,65,27.7,4.6,"0.504","0","7","1","7","20","2","2","34",6.1,24.4,2.4,41.5,"98.5843615","93.85187",28.1,54.1
"Aranda, Jonathan",666018,2025,422,25.4,9.7,"0.882","9","35","26","47","64","25","13","182",13.7,42.1,12.8,54.5,"102.687689924","96.267280418",24.9,48.6
"Crim, Blaine",688760,2025,74,37.8,8.1,"0.732","0","1","5","7","11","4","3","43",31,46.2,15.4,53.8,"102.3841365","96.130850513",35.4,44.7
"Trammell, Taylor",666211,2025,135,30.4,12.6,"0.629","0","7","5","14","26","6","7","85",44.5,33.8,7.8,40.3,"100.305634865","94.610534865",38.6,45.5
"Baldwin, Drake",686948,2025,446,15.2,8.5,"0.810","9","33","28","56","131","28","11","138",56.4,33.8,11,49.6,"102.167061775","95.60419003",19.5,49.5
"Reynolds, Bryan",668804,2025,654,26.5,8.7,"0.720","15","42","31","67","155","46","4","332",22.8,38.4,10.1,46,"101.932535192","95.465817885",29.4,49.6
"Crews, Dylan",686611,2025,322,23.6,7.5,"0.632","4","29","13","41","80","20","13","149",34.2,26.7,9.7,38.7,"101.064556729","94.842214579",30.7,48.1
"Heim, Jonah",641680,2025,433,20.3,7.4,"0.603","10","23","23","62","106","30","28","181",4.9,33.3,6.1,35.9,"98.278415548","93.298205016",24.2,49.7
"Clemens, Kody",665019,2025,386,24.1,7.5,"0.715","4","16","20","67","73","27","18","156",17.5,35.9,12,48.3,"102.245098819","95.890658268",23.9,48.4
"Hoerner, Nico",663538,2025,649,7.6,6,"0.739","4","70","21","111","179","53","32","103",2.6,36.1,2.3,30.3,"96.704418551","92.414274628",11.2,48.8
"Turner, Justin",457759,2025,191,19.4,8.9,"0.602","3","12","8","31","41","13","11","58",1.8,38.2,3.7,30.9,"97.129182059","92.660234118",17.3,47.6
"Clement, Ernie",676391,2025,588,10.4,4.6,"0.711","13","43","20","122","129","49","44","125",2.4,37.1,2.4,26,"95.998970369","92.037389446",14.5,53.8
"Robert Jr., Luis",673357,2025,431,26,9.3,"0.661","8","22","20","58","83","21","27","236",57.4,34.7,10.2,41.6,"101.308583088","94.893475424",31.7,53.3
"Hicks, Liam",689414,2025,390,14.4,11,"0.692","5","22","17","50","101","37","10","72",2.6,39,3.5,27.7,"96.015787174","92.008309275",15.1,37.4
"Vargas, Miguel",678246,2025,569,17.6,9.8,"0.717","9","27","32","111","91","42","43","184",11.7,36.6,9.3,40.5,"99.545761182","94.110815049",20.6,46.2
"Smith, Will",669257,2025,436,20.4,14.7,"0.901","7","34","24","78","57","22","14","141",6.2,41.4,12.2,47.1,"101.332929281","95.105303022",22.2,38.8
"Helman, Michael",680737,2025,110,19.1,6.4,"0.745","0","11","6","18","23","5","12","46",2.1,24.7,8.6,24.7,"94.505061053","91.595129467",24.1,55.3
"Volpe, Anthony",683011,2025,596,25.2,7.2,"0.663","10","31","31","88","135","33","27","236",28.5,34.6,10.5,41.9,"100.214381212","94.48835443",25.1,45.9
"Johnston, Troy",687859,2025,121,21.5,6.6,"0.751","1","8","5","15","24","11","5","60",5.3,39.5,9.3,40.7,"99.962519286","94.165047024",31,51.6
"Devers, Rafael",646240,2025,729,26.3,15.4,"0.851","16","40","47","79","139","29","17","407",19.8,34.6,16,56.1,"104.005280383","97.028150813",31.6,47.2
"Langeliers, Shea",669127,2025,523,19.7,6.9,"0.861","10","36","35","76","107","33","32","219",39.6,33.2,11,44.8,"102.460619267","95.543333753",25.1,52.4
"Martínez, Angel",682657,2025,484,22.7,4.8,"0.628","8","33","16","86","100","28","29","164",10.8,32.2,3.5,29.3,"97.037956154","92.536116469",21.4,54.4
"Williamson, Ben",810938,2025,295,21.7,5.1,"0.604","5","36","6","36","90","15","4","109",7.9,23.3,3.3,40.5,"99.548201226","93.912783555",21.9,48.1
"Fulford, Braxton",690924,2025,120,30,5.8,"0.591","1","6","7","20","20","6","5","59",18.8,30.7,5.3,38.7,"100.083468947","94.1395428",30.6,48.8